"id","type_1","type_2","type_3","heroId","heroName","eName","cName","rCD","gradient","updateId","wikiId","skinNum","heroVote","tagType","tagText","qqBanTimes","qqBanRate","qqPickTimes","qqPickRate","qqWinTimes","qqWinRate","qqScore","wxBanTimes","wxBanRate","wxPickTimes","wxPickRate","wxWinTimes","wxWinRate","wxScore","allBanTimes","allBanRate","allPickTimes","allPickRate","allWinTimes","allWinRate","allExpectRate","allScore","allScore_ex","avgScore","avgQQFightPower","pickTimes_w","pickTimes_m","skillId_1","skillPickTimes_1","skillPickRate_1","skillId_2","skillPickTimes_2","skillPickRate_2","killCnt","deadCnt","assistCnt","hurtTransRate","totalHurtCnt","totalHeroHurtCnt","totalBehurtCnt","totalBeheroHurtCnt","behurtPerDeath","equipmentMoney","equipmentMoneyMin","joinGamePercent","heroLevel","towerCnt","maxTower","kdaScore","monsterCoin","killSoldier","buildingDamage","ctrlTime","healCnt","winMvpTimes","winMvpRate","loseMvpTimes","loseMvpRate","allMvpRate","evaluateSilverTimes","evaluateSilverRate","evaluateGoldTimes","evaluateGoldRate","allBrandRate","adaptationRate","usedtime","trend","isUp","oldIndex","newIndex","changeValue","onlineTime","adjustmentTime","skinTime","updateTime"
"1","4","1",,"511","猪八戒","zhū_bā_jiè","八戒|猪头|悟能|二师兄|zbj","99","3","320050548",,"1","0",,,"4","0.000221705","730","0.0404611","373","0.510959","33.6679","4","0.000303559","769","0.0583593","400","0.520156","37.7176","8","0.000256254","1499","0.0480156","773","0.515677","0.034354","35.6927","415464","31.5607","11698","6661",,"80104","4865","0.754264","1532","4373","0.677984","2.8532","2.8432","5.7552","0.766044","377212","53129.8","144155","115998","50697.7","10464.3","717.377","0.546153","14.1061","0.2302","0.0654","6.76673","2216.45","26.4843","2154.68","17.6825","66594","145","0.096731","116","0.077385","0.174116","243","0.162108","161","0.107405","0.269513","0.00826446","859.555","2","2","76","65","-0.00207183","30/1/2019 00:00:00","27/6/2024 00:00:00","19/6/2023 00:00:00","11/8/2024 00:30:03"
"2","4","2",,"515","嫦娥","cháng_é","娥子|蛾子|ce","99","1","328323294","24765038","1","0.35",,,"785","0.0435096","3181","0.176311","1787","0.561773","68.7895","799","0.060636","2170","0.164681","1223","0.563594","68.6954","1584","0.0507383","5351","0.171402","3010","0.562512","0.0574652","68.7425","918056","50.0507","13383","21870",,"80104","19204","0.92661","1422","11018","0.531628","3.9776","2.7847","6.0934","1.12715","493183","88580.2","89139.3","68060.8","29984.2","11042.4","779.342","0.637344","14.3508","0.2689","0.0764","8.10052","2786.58","30.0893","2874.12","13.1766","40322.2","1140","0.213044","680","0.127079","0.340123","1202","0.224631","729","0.136236","0.360867","0.115702","854.254","2","2","19","16","0.00541097","16/1/2019 00:00:00","27/6/2024 00:00:00","25/1/2024 00:00:00","11/8/2024 00:30:03"
"3","1",,,"510","孙策","sūn_cè","孙笨|船夫|sc","99","1.5","286315155",,"1","0.3333",,,"4","0.000221705","2624","0.145438","1379","0.525534","55.3921","4","0.000303559","1865","0.141534","928","0.497587","53.2242","8","0.000256254","4489","0.143791","2307","0.513923","0.0730515","54.3081","662233","40.1884","12251","19590",,"80103","16898","0.916129","11311","13266","0.719219","2.8935","4.0312","6.5453","0.749432","246941","46803.4","77154.5","64295.4","18982.7","9517.94","678.809","0.583229","13.8029","0.5217","0.176","4.96648","602.235","41.3232","4367.09","14.9029","13865.9","191","0.042548","228","0.050791","0.093339","484","0.107819","261","0.058142","0.165961","0.00826446","848.725","2","2","31","31","0.00191936","17/7/2018 00:00:00","14/3/2024 00:00:00","23/5/2024 00:00:00","11/8/2024 00:30:03"
"4","4","1",,"198","梦奇","mèng_qí","肥猫|胖猫|胖达|荣荣|mq","99","4","248509092","23425615","1","0","-1","胖猫","1","0.0000554262","316","0.0175147","160","0.506329","28.8263","1","0.0000758898","206","0.0156333","89","0.432039","24.7381","2","0.0000640635","522","0.0167206","249","0.477012","0.00852135","26.7822","293319","32.5767","10967","2368",,"80104","2160","0.954064","1532","552","0.243816","3.3582","2.5153","5.4023","0.89751","476918","67040.1","109341","85023.6","39983.3","10635.9","765.211","0.60642","14.3123","0.7299","0.2548","7.36985","2801.78","28.2261","6472.17","4.64943","6538.65","78","0.149425","69","0.132184","0.281609","106","0.203065","48","0.091954","0.295019","0","854.973","0","0","97","104","-0.000459287","23/10/2017 00:00:00","20/9/2023 00:00:00",,"11/8/2024 00:30:03"
"5","5",,,"194","苏烈","sū_liè","核弹|玄武|大电池|sl","99","2","245344346",,"1","0",,,"18","0.000997672","2099","0.11634","1067","0.508337","48.8095","16","0.00121424","932","0.0707293","469","0.503219","39.4586","34","0.00108908","3031","0.0970883","1536","0.506763","0.0912129","44.134","493816","58.4712","11279","15027",,"80115","14853","0.97891","1721","900","0.0593159","1.2498","3.0709","9.741","0.78004","81368.9","39295.4","112466","99827.3","39426.4","7564.12","531.771","0.679249","13.3537","0.3339","0.0973","7.99421","253.985","8.62851","3328.06","26.4388","38221.9","221","0.072913","104","0.034312","0.107225","489","0.161333","272","0.089739","0.251072","0.00826446","861.107","0","0","50","49","0.00354869","26/9/2017 00:00:00","7/3/2024 00:00:00","30/5/2024 00:00:00","11/8/2024 00:30:03"
"6","4",,,"193","铠","kǎi","肉铠|肉凯|恺爹|凯爹|铠爹|凯皇|铠皇|砍王","99","3.5","235223355","22992312","1","0.25",,,"3","0.000166279","406","0.022503","183","0.450739","27.0583","1","0.0000758898","372","0.028231","180","0.483871","29.8492","4","0.000128127","778","0.0249207","363","0.466581","0.0311803","28.4538","309150","35.2302","10929","3804",,"80104","3744","0.95779","1333","2350","0.601177","3.0231","2.6928","5.8226","0.833291","408523","59219.5","112054","87576.3","40669.3","10396.4","695.485","0.569129","14.1877","0.3843","0.1221","7.26797","2580.66","20.1028","3754.69","26.2776","45426.8","64","0.082262","83","0.106684","0.188946","112","0.143959","81","0.104113","0.248072","0.0165289","883.107","0","3","98","100","0.000318579","18/7/2017 00:00:00","6/2/2024 00:00:00","30/5/2024 00:00:00","11/8/2024 00:30:03"
"7","5",,,"187","东皇太一","dōng_huáng_tài_yī|dōng_huáng","黄鳝|泥鳅|东皇|太一|dhty","99","5","233695689",,"1","0","-1","同归于尽","115","0.00637402","514","0.0284891","242","0.470817","30.0354","208","0.0157851","489","0.0371101","231","0.472393","33.0148","323","0.0103463","1003","0.0321279","473","0.471585","0.0202608","31.5251","328807","113.921","10485","4754",,"80115","4312","0.954193","1422","1946","0.430626","2.2772","4.8784","8.676","1.068","112933","57026.5","109834","97774.9","23040.3","7879.37","548.557","0.619201","13.4666","0.1595","0.0409","4.46088","293.956","11.5773","1059.51","7.5344","37225.3","57","0.05683","43","0.042871","0.099701","122","0.121635","86","0.085743","0.207378","0.0165289","864.37","0","2","101","96","-0.00139177","30/3/2017 00:00:00",,"19/7/2023 00:00:00","11/8/2024 00:30:03"
"8","5",,,"186","太乙真人","tài_yǐ_zhēn_rén","太二|锅炉|太乙|真人|煤气罐|炸药桶|tyzr","99","2","233695377",,"1","0",,,"1084","0.060082","2035","0.112792","1027","0.504668","55.3021","992","0.0752827","1229","0.0932686","606","0.493084","52.7182","2076","0.066498","3264","0.104552","1633","0.500306","0.408339","54.0102","636132","91.1095","11810","15263",,"80115","14531","0.976152","1237","1489","0.100027","1.0646","3.2702","9.6253","0.638143","69431.1","32122.3","99390.5","88507","33481.5","7955.56","544.788","0.663996","13.3934","0.0591","0.0144","7.15638","341.93","7.66544","567.234","23.2368","8286.26","198","0.060662","114","0.034926","0.095588","460","0.140931","337","0.103248","0.244179","0.00826446","861.843","1","0","34","33","0.00277228","24/11/2016 00:00:00","28/3/2024 00:00:00","27/4/2023 00:00:00","11/8/2024 00:30:03"
"9","5",,,"171","张飞","zhāng_fēi","飞飞|飞哥|三弟|翼德|zf","99","1","233693449",,"1","0.6667",,,"74","0.00410154","6576","0.364483","3310","0.503345","98.5765","49","0.0037186","3714","0.281855","1882","0.506731","82.1723","123","0.00393991","10290","0.329607","5192","0.504568","0.204571","90.3744","1053400","138.654","11721","48502",,"80102","46355","0.961323","1335","7131","0.147885","0.7575","2.5565","9.2491","0.5024","64344.5","23850","121720","106618","50466.8","7459.16","526.383","0.664815","13.3383","0.1595","0.0412","8.35856","288.156","6.48115","1334.03","25.7097","14729.4","662","0.064334","380","0.036929","0.101263","1312","0.127502","1128","0.109621","0.237123","0.00826446","852.254","0","5","11","11","0.011926","20/1/2016 00:00:00","16/5/2024 00:00:00","9/2/2023 00:00:00","11/8/2024 00:30:03"
"10","5",,,"168","牛魔","niú_mó","牛牛|牛头|nm","99","4","233692621","24398648","1","0",,,"1","0.0000554262","705","0.0390755","300","0.425532","29.0986","10","0.000758898","456","0.0346058","204","0.447368","29.3844","11","0.00035235","1161","0.0371889","504","0.434109","0.0476713","29.2415","286596","41.905","9881","5635",,"80115","5404","0.989381","1335","733","0.1342","1.0034","3.3669","9.5263","0.662015","61055.5","32188.8","94676.1","86061.9","31487.1","7550.06","517.966","0.654388","13.3273","0.0706","0.0215","6.73351","261.2","5.78036","630.754","28.1318","7329.3","25","0.021533","27","0.023256","0.044789","112","0.096469","56","0.048234","0.144703","0.0165289","876.618","0","0","99","106","-0.00100179","24/11/2015 00:00:00",,"26/12/2023 00:00:00","11/8/2024 00:30:03"
"11","1","5",,"149","刘邦","liú_bāng","lb","99","0.5","233694167","22965954","1","0.25",,,"8206","0.454828","3361","0.186288","1545","0.459685","117.095","8290","0.629126","1994","0.151324","963","0.482949","133.053","16496","0.528396","5355","0.17153","2508","0.468347","0.0207028","125.074","1514150","31.3156","12172","28248",,"80108","14602","0.514173","1347","3015","0.106166","2.8969","3.3774","6.7472","0.748459","179386","43361.9","100940","85949.6","31085.7","9054.5","634.822","0.617129","13.6504","0.29","0.093","6.25683","329.131","32.1776","2737.94","7.08105","13643.1","347","0.064799","338","0.063119","0.127918","712","0.13296","407","0.076004","0.208964","0.0165289","852.86","1","0","6","6","0.00253384","26/4/2016 00:00:00","28/3/2024 00:00:00","28/1/2022 00:00:00","11/8/2024 00:30:03"
"12","1",,,"144","程咬金","chéng_yǎo_jīn","金金|小金金|cyj","99","5","233690973",,"1","0",,,"2","0.000110852","149","0.00825851","67","0.449664","24.1488","3","0.000227669","273","0.0207179","125","0.457875","27.0658","5","0.000160159","422","0.0135174","192","0.454976","0.00177528","25.6073","247930","26.997","9766","1779",,"80104","828","0.526048","1421","192","0.121982","1.981","3.5","3.9218","0.829621","282737","54179.9","130665","104451","37106.3","9856.05","696.81","0.40695","13.6351","0.6635","0.2393","3.79528","905.815","40.0355","5097.64","1.82227","129416","29","0.06872","26","0.061611","0.130332","51","0.120853","38","0.090047","0.2109","0","825.569","0","0","110","115","-0.000874809","1/1/1999 00:00:00","11/4/2024 00:00:00","25/4/2024 00:00:00","11/8/2024 00:30:03"
"13","1",,,"140","关羽","guān_yǔ","二哥|武圣|冰封|冰峰|冰马|关二爷|gy","99","2.5","233694489",,"1","0",,,"2","0.000110852","1082","0.0599712","558","0.515712","37.7937","2","0.00015178","844","0.064051","452","0.535545","39.6064","4","0.000128127","1926","0.0616932","1010","0.524403","0.0270497","38.7001","456970","55.7985","11838","9101",,"80109","8075","0.938844","1331","845","0.0982444","3.1236","3.1521","5.0353","0.743873","213069","47466.7","71604.2","60122.5","23073.1","9682.76","666.951","0.498792","13.8894","0.1615","0.0421","5.64371","307.48","42.9964","1505.65","26.3686","8578.91","146","0.075805","168","0.087227","0.163032","294","0.152648","233","0.120976","0.273624","0.00826446","870.062","0","3","54","54","0.0020693","28/6/2016 00:00:00","25/4/2024 00:00:00","22/9/2022 00:00:00","11/8/2024 00:30:03"
"14","1",,,"135","项羽","xiàng_yǔ","西楚|霸王|xy","99","1.5","233689508","23066794","1","0.6",,,"140","0.00775967","1766","0.0978827","812","0.459796","43.5363","91","0.00690597","1486","0.112772","686","0.461642","46.4998","231","0.00739934","3252","0.104167","1498","0.46064","0.0075222","45.0181","520634","32.7435","11586","16316",,"80115","15040","0.883459","1334","4228","0.248355","2.2066","3.7239","4.8607","0.855873","199617","51575.7","88722.6","75814.1","24556.4","9035.22","634.976","0.461539","13.6516","0.3745","0.1245","4.06937","421.354","35.1633","3343.89","24.4825","23762.2","124","0.03813","164","0.050431","0.088561","289","0.088868","170","0.052276","0.141144","0.0909091","854.065","1","0","45","44","-0.00435513","1/1/1999 00:00:00","7/3/2024 00:00:00","9/2/2023 00:00:00","11/8/2024 00:30:03"
"15","1","4",,"134","达摩","dá_mó","光头|dm","99","3.5","233691958",,"1","0",,,"4","0.000221705","616","0.0341426","304","0.493506","31.5315","1","0.0000758898","443","0.0336192","213","0.480813","30.774","5","0.000160159","1059","0.0339217","517","0.488196","0.179179","31.1528","348911","30.5616","11258","5619",,"80115","5436","0.988004","1134","2397","0.43566","2.847","3.4636","4.7828","0.743626","230961","48051.7","74526.1","61238.8","21523.4","9804.34","672.072","0.48105","13.8857","0.4495","0.1416","4.75311","539.523","42.1662","3712.16","26.0208","24374.8","65","0.061379","85","0.080264","0.141643","140","0.1322","78","0.073654","0.205855","0.00826446","871.029","0","6","82","85","-0.00016235","1/1/1999 00:00:00","25/4/2024 00:00:00","9/11/2023 00:00:00","11/8/2024 00:30:03"
"16","1","4",,"126","夏侯惇","xià_hóu_dūn","夏侯|高达|吓猴蹲|xhd","99","3","233694724","23657334","1","0.1",,,"7","0.000387984","915","0.050715","428","0.46776","33.5795","6","0.000455339","952","0.0722471","467","0.490546","39.0336","13","0.000416413","1867","0.0598033","895","0.479379","0.00687718","36.3066","391748","29.2172","10890","9232",,"80104","3693","0.422395","1333","3778","0.432117","2.1387","3.1875","5.7263","0.825978","279369","50885.2","128168","106166","41137","9313.38","653.165","0.524076","13.7536","0.4199","0.1414","5.55101","1355.27","27.602","3647.52","38.7542","20626.3","96","0.051419","106","0.056776","0.108195","221","0.118372","128","0.068559","0.186931","0.0330578","850.134","2","3","65","73","-0.00323242","19/7/2016 00:00:00","9/5/2024 00:00:00","11/4/2024 00:00:00","11/8/2024 00:30:03"
"17","1",,,"123","吕布","lǚ_bù","布学|绿布|卢布|奉先|lb","99","4","233693126",,"1","0.25",,,"0","0","846","0.0468906","382","0.451537","31.955","4","0.000303559","1032","0.0783183","457","0.442829","37.8431","4","0.000128127","1878","0.0601557","839","0.446752","0.0330998","34.899","381097","75.8354","10978","8833",,"80115","7953","0.944761","1138","4522","0.537182","2.68","3.5852","5.3115","0.874015","195516","53742.9","93582.1","77504.1","25811.6","8993.83","627.745","0.504786","13.6667","0.3163","0.0895","4.72243","422.597","34.1624","2541.66","11.6991","19875.1","90","0.047923","138","0.073482","0.121406","222","0.118211","133","0.07082","0.189031","0","860.486","1","0","73","76","-0.00642477","22/12/2015 00:00:00",,"27/9/2023 00:00:00","11/8/2024 00:30:03"
"18","1","4",,"121","芈月","mǐ_yuè","闵月|太后|my","99","3","233692926",,"1","0.3333",,,"4","0.000221705","781","0.0432879","412","0.527529","35.0617","13","0.000986567","785","0.0595735","394","0.501911","37.1336","17","0.00054454","1566","0.0501618","806","0.514687","0.0329294","36.0976","422631","46.0738","11761","6685",,"80110","3927","0.63196","1521","894","0.143869","2.9176","3.3442","3.4604","0.924457","422974","64514.1","86082.5","65786.3","24672.7","10479.6","758.871","0.431137","14.0926","1.046","0.3672","4.54529","1725.76","40.8914","8849.25","2.45913","22201.1","188","0.120051","138","0.088123","0.208174","218","0.139208","183","0.116858","0.256066","0.0247934","837.443","2","1","64","62","0.00017954","8/12/2015 00:00:00","13/6/2024 00:00:00","6/6/2024 00:00:00","11/8/2024 00:30:03"
"19","1",,,"120","白起","bái_qǐ","电风扇|bq","99","2","233691071",,"1","0.3333",,,"4","0.000221705","2050","0.113624","1047","0.510732","48.2891","6","0.000455339","1425","0.108143","702","0.492632","46.3171","10","0.000320318","3475","0.11131","1749","0.503309","0.0054225","47.3031","544695","37.6775","11602","16601",,"80108","10483","0.667112","1338","4817","0.306542","2.855","3.1876","5.1122","0.701381","216690","43262.4","126160","106100","41310.3","9503.91","670.7","0.509783","13.741","0.1856","0.0529","5.62298","602.372","38.5301","1340.06","15.7799","59195.5","165","0.047482","184","0.05295","0.100432","420","0.120863","210","0.060432","0.181295","0","850.508","2","9","37","40","-0.00577242","1/1/1999 00:00:00","11/4/2024 00:00:00","16/2/2023 00:00:00","11/8/2024 00:30:03"
"20","4","1",,"117","钟无艳","zhōng_wú_yàn","锤子|锤子妈|zwy","99","5","233690349",,"1","0",,,"2","0.000110852","201","0.0111407","100","0.497512","27.1176","0","0","142","0.0107764","84","0.591549","31.7327","2","0.0000640635","343","0.0109869","184","0.536443","0.00697134","29.4252","289308","27.7585","9879","1637",,"80104","510","0.333551","1137","1437","0.93983","3.4111","3.0233","4.7318","0.842566","320619","55472.2","93931.2","75648.4","30594.6","9909.98","711.724","0.500682","14.0991","0.6793","0.1808","6.06676","1300.45","36.6035","6330.88","14.0292","6524.01","40","0.116618","22","0.06414","0.180758","50","0.145773","42","0.122449","0.268222","0","854.828","0","2","118","105","0.000052401","1/1/1999 00:00:00","4/1/2024 00:00:00","29/2/2024 00:00:00","11/8/2024 00:30:03"
"21","5",,,"114","刘禅","liú_chán","夹子|阿斗|啊斗|推土机|ls","99","4","233690069",,"1","0",,,"21","0.00116395","893","0.0494956","399","0.446809","32.385","16","0.00121424","702","0.0532746","348","0.495726","35.593","37","0.00118518","1595","0.0510907","747","0.468339","0.0618403","33.989","359604","91.3124","10626","7610",,"80115","7459","0.991098","1347","2521","0.334972","1.0483","3.7197","8.4282","0.68721","67952.5","32386.1","116538","99201.1","33249","7306.92","524.68","0.619981","13.0646","0.8025","0.2922","5.55081","218.909","6.42884","8260.65","25.1542","13260.9","67","0.042006","60","0.037618","0.079624","215","0.134796","125","0.07837","0.213166","0.00826446","827.362","0","0","83","81","-0.00271908","1/1/1999 00:00:00","20/9/2023 00:00:00","1/6/2023 00:00:00","11/8/2024 00:30:03"
"22","5",,,"113","庄周","zhuāng_zhōu","鱼鱼|酸菜|咸鱼|zz","99","3","233689989","23310047","1","0",,,"1210","0.0670657","1124","0.0622991","580","0.516014","46.6437","1103","0.0837065","906","0.0687562","473","0.522075","50.3183","2313","0.0740895","2030","0.0650245","1053","0.518719","0.0591125","48.481","473708","45.9952","9820","9276",,"80102","8068","0.911741","1721","5874","0.663804","0.9862","2.1724","9.6778","0.755665","91768.8","39720.4","103819","94485.9","50880.5","7843.12","529.316","0.674554","13.5601","0.1103","0.0241","9.68529","292.063","10.1975","842.886","11.7552","18719.4","144","0.070936","145","0.071429","0.142365","312","0.153695","210","0.103448","0.257143","0","884.732","2","3","56","52","-0.0030484","1/1/1999 00:00:00",,"21/4/2023 00:00:00","11/8/2024 00:30:03"
"23","5","2",,"108","墨子","mò_zǐ","墨三炮|墨一炮|mz","99","2","233690787","22918124","1","0.3636",,,"17","0.000942246","2278","0.126261","1122","0.492537","49.9968","43","0.00326326","1800","0.136602","869","0.482778","51.8671","60","0.00192191","4078","0.130626","1991","0.48823","0.0287679","50.932","592390","54.0538","11684","19922",,"80115","12707","0.668157","1422","5244","0.275739","1.3477","3.1513","8.8298","1.10267","123724","58130.7","84175.5","75211","28968.6","7731.71","551.408","0.644237","13.348","0.268","0.0755","7.04363","282.76","15.2754","2145.52","55.2138","7043.95","298","0.073075","248","0.060814","0.133889","413","0.101275","307","0.075282","0.176557","0.0165289","847.516","0","0","32","34","-0.00658158","1/1/1999 00:00:00","9/5/2024 00:00:00","18/4/2024 00:00:00","11/8/2024 00:30:03"
"24","5","1",,"105","廉颇","lián_pō","颇颇|阿颇|啊颇|lp","99","3.5","233691825","25191810","1","0",,,"8","0.00044341","1410","0.078151","644","0.456738","38.5225","4","0.000303559","1016","0.077104","510","0.501969","40.5572","12","0.000384381","2426","0.0777091","1154","0.47568","0.0533993","39.5398","434227","32.803","11064","11051",,"80115","5393","0.510411","1421","6752","0.639031","1.6533","3.1138","8.3932","0.836645","118946","45626.1","115907","101922","41423","8232.18","564.77","0.633717","13.4406","0.2885","0.0894","7.20789","305.99","15.3487","2318.3","21.4485","27786.7","196","0.080791","142","0.058533","0.139324","379","0.156224","255","0.105111","0.261336","0.0578512","861.542","2","8","60","59","-0.000937487","1/1/1999 00:00:00","23/5/2024 00:00:00","19/3/2024 00:00:00","11/8/2024 00:30:03"
"25","4","1","3","518","马超","mǎ_chāo","神威|马子|马车|插秧|插秧王|电光马子|mc","99","0.5","358740390","22921356","1","0.6522",,,"4915","0.27242","4490","0.248864","2318","0.516258","109.638","1493","0.113303","2810","0.21325","1453","0.517082","82.6671","6408","0.20526","7300","0.233832","3771","0.516575","0.1907","96.1526","1345750","80.4825","13974","32967",,"80104","29381","0.881941","1532","23262","0.698265","4.7396","2.6966","4.8463","0.894014","535611","70105.2","93351.6","71097.1","31734.6","11640.6","835.157","0.609607","14.4538","0.5747","0.1864","7.70129","2933.49","35.4707","6018.04","4.39041","37116.8","1527","0.209178","1191","0.163151","0.372329","1526","0.209041","1356","0.185753","0.394795","0.0165289","853.487","2","12","8","7","0.010591","15/8/2019 00:00:00","27/6/2024 00:00:00","31/1/2024 00:00:00","11/8/2024 00:30:03"
"26","4","1",,"522","曜","yào","仙剑|李逍遥","99","3.5","350791555","22927747","1","0.375",,,"1","0.0000554262","416","0.0230573","192","0.461538","27.6953","1","0.0000758898","360","0.0273203","182","0.505556","30.7513","2","0.0000640635","776","0.0248567","374","0.481959","0.00761782","29.2233","338348","60.6503","11615","3442",,"80104","3379","0.95076","1422","2644","0.74395","4.4265","2.8827","3.9253","0.833247","533144","63534","76422.5","58660","24326.2","11662.5","809.867","0.543327","14.4046","0.5322","0.1649","6.36593","3098.49","33.0735","4966.81","7.12629","27161.1","125","0.161082","119","0.153351","0.314433","121","0.155928","96","0.123711","0.279639","0.0165289","862.505","0","0","90","92","-0.000854058","26/6/2019 00:00:00","27/6/2024 00:00:00","7/3/2024 00:00:00","11/8/2024 00:30:03"
"27","4",,,"506","云中君","yún_zhōng_jun","小鸡|云中鸡|走地鸡|yzj","99","3","339663393",,"1","0.5",,,"0","0","611","0.0338654","341","0.558101","34.6782","0","0","418","0.0317219","216","0.516746","32.1817","0","0","1029","0.0329607","557","0.541302","0.0185018","33.4299","391565","25.7561","11827","4412",,"80104","4059","0.987591","1132","2518","0.612652","5.0272","3.0369","4.7619","0.804276","547889","61553.5","80993","57713.6","23255.1","11813.7","820.649","0.602806","14.4529","0.8863","0.2954","7.15591","3408.28","26.0175","8025.85","15.2546","8494.01","150","0.145773","101","0.098154","0.243926","119","0.115646","87","0.084548","0.200194","0","856.187","0","0","68","74","-0.0014459","11/5/2019 00:00:00","30/5/2024 00:00:00","25/4/2024 00:00:00","11/8/2024 00:30:03"
"28","4",,,"529","盘古","pán_gǔ","pg","99","5","324272317",,"1","0",,,"0","0","128","0.00709456","74","0.578125","30.3252","2","0.00015178","92","0.00698186","36","0.391304","20.9806","2","0.0000640635","220","0.00704699","110","0.5","0.00380928","25.6529","252116","26.7202","9862","989",,"80104","833","0.953089","1328","431","0.493135","3.7182","2.7955","5.1818","0.908636","469877","65479","97588.5","76009.7","33398.2","10788.1","741.769","0.593868","14.3364","0.2773","0.1045","6.87118","3045.69","21.25","3206.6","52.9","37914.7","27","0.122727","22","0.1","0.222727","37","0.168182","24","0.109091","0.277273","0","869.977","0","4","119","113","0.000190419","19/2/2019 00:00:00","9/5/2024 00:00:00","18/1/2023 00:00:00","11/8/2024 00:30:03"
"29","1","3",,"507","李信","lǐ_xìn","光信|暗信|太阳|保安|lx","99","3.5","308558503","23023580","1","0.2941",,,"3","0.000166279","905","0.0501607","415","0.458564","32.9811","0","0","937","0.0711088","450","0.480256","38.2346","3","0.0000960953","1842","0.0590025","865","0.469598","0.0295029","35.6078","418748","34.0823","11831","7336",,"80115","6274","0.894242","1127","718","0.102338","3.3252","3.0803","3.6629","1.01042","381384","75029.1","61910.7","53253","20645.3","10885.6","731.668","0.456038","14.0885","0.8692","0.3035","4.73631","883.332","52.8621","8243.28","0.85342","15676.1","215","0.116721","279","0.151466","0.268187","325","0.176439","273","0.148208","0.324647","0.0330578","885.914","0","0","72","63","-0.00316453","22/11/2018 00:00:00","27/6/2024 00:00:00","18/1/2023 00:00:00","11/8/2024 00:30:03"
"31","1",,,"503","狂铁","kuáng_tiě","狂贴|铁子|kt","99","3","272986391",,"1","1",,,"0","0","1180","0.0654029","569","0.482203","37.1908","2","0.00015178","787","0.0597253","369","0.468869","35.4075","2","0.0000640635","1967","0.0630065","938","0.476868","0.053617","36.2991","408801","37.6028","11315","9459",,"80115","9103","0.994972","1422","7576","0.828069","2.4743","3.2369","4.6828","0.819014","271606","51755.7","100550","81140","30528.5","9666.06","690.065","0.47839","13.7321","0.6335","0.212","4.88891","676.106","42.2954","5450.95","14.4479","26596.2","125","0.063549","159","0.080834","0.144382","262","0.133198","182","0.092527","0.225724","0","838.764","0","0","61","69","0.0014431","20/4/2018 00:00:00","28/3/2024 00:00:00","25/8/2020 00:00:00","11/8/2024 00:30:03"
"32","4",,,"502","裴擒虎","péi_qín_hǔ","老虎|小虎|虎子|脑虎|李小龙|pqh","99","1","266543930",,"1","0.2222",,,"369","0.0204523","3249","0.18008","1597","0.491536","63.1493","206","0.0156333","2085","0.15823","1058","0.507434","58.9719","575","0.0184183","5334","0.170857","2655","0.49775","0.118677","61.0606","813205","57.343","13322","25972",,"80104","26171","0.997599","1523","6701","0.255432","4.3823","2.8305","4.4604","0.889614","544390","65901.9","78967.5","58523.3","25144.1","11437.8","828.541","0.596317","14.3472","1.2733","0.4271","6.89879","3259.49","29.1835","11766.4","3.19179","5080.14","852","0.15973","578","0.108361","0.268091","841","0.157668","539","0.10105","0.258718","0.0165289","834.547","1","0","20","22","0.00558851","28/2/2018 00:00:00",,"6/2/2024 00:00:00","11/8/2024 00:30:03"
"33","4","1",,"180","哪吒","né_zhā","娜扎|挪扎|那托|三太子|nz","99","1.5","233695436",,"1","0",,,"203","0.0112515","1959","0.10858","945","0.482389","47.2419","88","0.0066783","1372","0.104121","674","0.491254","46.2216","291","0.00932125","3331","0.106698","1619","0.48604","0.00789057","46.7318","562884","29.4995","12093","15900",,"80108","9265","0.576827","1138","3083","0.191944","3.7319","3.9325","4.9295","0.935515","311963","64230","116724","92965.2","28861.1","10089.1","680.788","0.540995","13.9646","0.2023","0.0609","4.8363","1342.78","31.9784","1808.17","8.52147","6274.82","236","0.07085","299","0.089763","0.160612","420","0.126088","270","0.081057","0.207145","0.0743802","871.672","2","7","43","36","-0.00157184","12/1/2017 00:00:00","30/5/2024 00:00:00","28/1/2022 00:00:00","11/8/2024 00:30:03"
"34","4",,,"183","雅典娜","yǎ_diǎn_nà","ydn","99","2","233695037","23059499","1","0",,,"29","0.00160736","976","0.054096","571","0.585041","40.2722","27","0.00204902","625","0.0474311","333","0.5328","36.3824","56","0.00179378","1601","0.0512829","904","0.564647","0.0153677","38.3273","454293","32.1371","11873","7304",,"80104","6737","0.976802","1534","5311","0.770045","3.8682","3.7133","6.2511","0.831605","518781","63294.5","133311","106664","35948.6","11011","764.672","0.647163","14.4491","0.4272","0.1205","6.01944","3179.73","25.6783","4624.15","14.6415","23335.8","136","0.084947","100","0.062461","0.147408","211","0.131793","113","0.070581","0.202374","0.0165289","867.963","0","0","55","55","0.000890627","2/8/2016 00:00:00","20/9/2023 00:00:00","10/11/2020 00:00:00","11/8/2024 00:30:03"
"35","1","4",,"178","杨戬","yáng_jiǎn","二郎神|哮天犬|yj","99","5","233695316",,"1","0.5",,,"1","0.0000554262","93","0.00515464","43","0.462366","24.1561","0","0","87","0.00660241","39","0.448276","23.7343","1","0.0000320318","180","0.00576572","82","0.455556","0.00232378","23.9452","229730","31.982","9611","977",,"80115","770","0.821772","11210","43","0.0458911","3.3278","3.3778","3.5","0.866667","268637","54357.4","83294","69367.2","25444.7","9844.11","708.044","0.472806","13.7556","0.4833","0.1333","4.66889","891.328","37.7611","3946.33","12.3222","32515.6","14","0.077778","18","0.1","0.177778","22","0.122222","13","0.072222","0.194444","0","830.572","0","0","112","119","0.0000975004","11/10/2016 00:00:00","4/1/2024 00:00:00","6/6/2024 00:00:00","11/8/2024 00:30:03"
"36","4",,,"170","刘备","liú_bèi","皇叔|刘皇叔|lb","99","5","233693506",,"1","0",,,"1","0.0000554262","125","0.00692828","50","0.4","21.3926","0","0","106","0.00804432","37","0.349057","19.0617","1","0.0000320318","231","0.00739934","87","0.376623","0.00455118","20.2271","196041","31.9806","9761","989",,"80104","878","0.995465","1425","351","0.397959","3.4848","2.7965","3.6147","0.780952","530046","56561.3","86837.4","67697","28722.8","11290","800.369","0.509675","14.3333","0.8918","0.3506","5.42632","3443.55","25.7836","8582.59","7.57576","8088.06","20","0.08658","32","0.138528","0.225108","27","0.116883","15","0.064935","0.181818","0","851.195","0","0","121","120","-0.00094063","1/2/2016 00:00:00","2/4/2024 00:00:00","30/5/2024 00:00:00","11/8/2024 00:30:03"
"37","4",,,"167","孙悟空","sūn_wù_kōng","猴|猴子|猴哥|悟空|吉吉|猴三棒|大师兄|吉吉国王|swk","99","3.5","233692737",,"1","0.5",,,"2","0.000110852","745","0.0412925","363","0.487248","32.6348","3","0.000227669","541","0.0410564","253","0.467652","31.6224","5","0.000160159","1286","0.0411929","616","0.479005","0.0238879","32.1286","366426","25.8874","11503","6302",,"80104","6125","0.98886","1421","2316","0.37391","4.5047","3.619","3.6866","0.759254","556561","54991.3","81683.5","59556.5","20240.1","11241","795.869","0.534762","14.3911","0.6104","0.1952","5.23117","3257.52","24.944","5869.04","7.3647","5896.1","130","0.101089","123","0.095645","0.196734","145","0.112753","91","0.070762","0.183515","0.00826446","844.079","0","0","87","78","-0.00244066","30/11/2015 00:00:00","28/3/2024 00:00:00","18/1/2023 00:00:00","11/8/2024 00:30:03"
"38","1","4",,"166","亚瑟","yà_sè","大宝剑|ys","99","5","233689386","22992702","1","0.3333",,,"3","0.000166279","166","0.00920075","76","0.457831","24.7525","2","0.00015178","239","0.0181377","122","0.51046","29.1695","5","0.000160159","405","0.0129729","198","0.488889","0.00180756","26.961","265970","26.1495","9878","1670",,"80108","1399","0.877116","1422","1210","0.758621","3.3753","3.6148","4.9951","0.842469","204743","49260.6","93096.1","76207.4","25876.1","9088.47","661.247","0.5468","13.5877","0.3432","0.1086","5.23005","580.494","33.6321","3136.33","12.1235","42312.2","25","0.061728","31","0.076543","0.138272","50","0.123457","28","0.069136","0.192593","0","827.56","0","2","115","112","-0.00147547","12/10/2015 00:00:00","11/4/2024 00:00:00","6/2/2024 00:00:00","11/8/2024 00:30:03"
"39","4",,,"163","橘右京","jú_yòu_jīng","橘子|橘桑|jyj","99","2.5","233695170","22969214","1","0",,,"6","0.000332557","837","0.0463918","385","0.459976","32.3187","4","0.000303559","644","0.048873","329","0.51087","35.356","10","0.000320318","1481","0.0474391","714","0.482107","0.0027116","33.8374","412275","34.0064","12231","6885",,"80104","6182","0.88542","1138","2776","0.397594","4.1006","3.0095","4.5071","0.864686","504256","63314.3","76746.7","60032.8","24341.6","11314.6","795.082","0.562326","14.2728","0.6975","0.2282","6.44741","2823.18","32.1404","6738.68","8.20122","31105.9","177","0.119514","148","0.099932","0.219446","239","0.161377","166","0.112086","0.273464","0.0413223","846.292","0","0","67","66","-0.00099136","30/8/2016 00:00:00","25/4/2024 00:00:00","2/4/2024 00:00:00","11/8/2024 00:30:03"
"40","1",,,"154","花木兰","huā_mù_lán","瑞麟|hml","99","1.5","233693263","22992350","1","0.125",,,"3","0.000166279","2934","0.162621","1452","0.494888","57.2893","2","0.00015178","2030","0.154056","1009","0.497044","55.6825","5","0.000160159","4964","0.159006","2461","0.49577","0.0801537","56.4859","725730","88.8641","12909","22274",,"80115","20873","0.992157","1421","16567","0.78748","3.4726","3.5113","4.2367","0.843856","302606","59008.7","65363.5","55930.6","19094.5","10339.9","716.401","0.488529","14.0143","0.5496","0.1916","4.7035","646.281","49.5949","4916.57","22.45","7673.88","478","0.096293","560","0.112812","0.209106","759","0.152901","536","0.107977","0.260878","0.00826446","870.314","2","0","24","24","0.000126266","30/12/2015 00:00:00","27/6/2024 00:00:00","30/5/2024 00:00:00","11/8/2024 00:30:03"
"41","4",,,"150","韩信","hán_xìn","猫雷|hx","99","3.5","233691612","23091352","1","0.4",,,"1","0.0000554262","517","0.0286554","252","0.487427","30.1094","0","0","415","0.0314943","207","0.498795","31.2386","1","0.0000320318","932","0.0298536","459","0.492489","0.0262818","30.674","358150","46.1948","11431","4224",,"80104","3723","0.99652","1532","479","0.128212","3.7178","2.4925","4.603","0.70118","568318","52879.2","81447.9","59671.7","29141.9","12086","840.96","0.56351","14.4109","0.7918","0.2811","7.19526","3485.58","28.4431","7509.61","13.8723","13836.8","148","0.158798","130","0.139485","0.298283","182","0.195279","141","0.151288","0.346567","0.0165289","841.386","2","7","78","82","-0.00182011","1/1/1999 00:00:00","27/6/2024 00:00:00","25/4/2024 00:00:00","11/8/2024 00:30:03"
"42","4",,,"146","露娜","lù_nà","露辣|紫霞|ln","99","3","233692100","22980128","1","0.4444",,,"24","0.00133023","680","0.0376898","338","0.497059","32.5572","24","0.00182136","494","0.0374896","242","0.489879","32.2195","48","0.00153753","1174","0.0376053","580","0.494037","0.0466076","32.3883","392126","56.6676","12171","5656",,"80104","5551","0.996589","1333","657","0.117953","3.8578","2.8475","4.7308","0.87385","576580","70864.9","100997","74270.3","32038.9","11772.4","809.418","0.555683","14.4761","0.3629","0.1014","6.6706","3256.42","30.7913","4000","11.8995","9250.97","187","0.159284","147","0.125213","0.284497","207","0.17632","161","0.137138","0.313458","0","872.98","0","0","74","72","-0.000639504","20/10/2015 00:00:00","18/4/2024 00:00:00","22/2/2024 00:00:00","11/8/2024 00:30:03"
"43","1",,,"139","老夫子","lǎo_fū_zǐ","老天子|lfz","99","1","233690609","22920183","1","0.4545",,,"39","0.00216162","4212","0.233455","2173","0.515907","72.7566","16","0.00121424","2370","0.179859","1219","0.514346","61.8408","55","0.00176175","6582","0.210833","3392","0.515345","0.0631586","67.2987","848368","55.9424","12640","33148",,"80115","29643","0.903695","1425","8108","0.24718","1.9657","3.6095","5.2853","0.676026","226764","42475.4","66269.5","53064.4","17444.2","9439.7","668.734","0.472769","13.7748","1.0175","0.3902","4.21144","533.734","40.2634","8071.43","16.2362","10325.6","374","0.056822","397","0.060316","0.117138","879","0.133546","593","0.090094","0.22364","0.0165289","839.044","2","2","17","20","0.00445685","1/1/1999 00:00:00","4/1/2024 00:00:00","11/8/2022 00:00:00","11/8/2024 00:30:03"
"44","4",,,"131","李白","lǐ_bái","凤求凰|诗仙|lb","99","3","233693817","22960662","1","0.4286",,,"1","0.0000554262","518","0.0287108","249","0.480695","29.7838","1","0.0000758898","447","0.0339227","225","0.503356","31.9618","2","0.0000640635","965","0.0309107","474","0.491192","0.0248724","30.8728","357631","46.7885","11667","4491",,"80104","4238","0.990187","1425","2795","0.653037","3.6798","2.9554","5","0.922073","538387","70214.4","66045.5","48187.4","19775.2","11586.7","780.83","0.565076","14.4528","0.6052","0.201","6.56063","3119.01","29.143","5421.18","11.5927","9140.01","103","0.106736","97","0.100518","0.207254","111","0.115026","73","0.075648","0.190674","0.0165289","879.299","0","0","81","83","-0.00145716","1/3/2016 00:00:00","25/4/2024 00:00:00","18/1/2024 00:00:00","11/8/2024 00:30:03"
"45","4",,,"130","宫本武藏","gōng_běn_wǔ_cáng|gōng_běn|wǔ_cáng","宫本|武藏|剑圣|gbwz","99","1","233692342",,"1","0.6667",,,"4273","0.236836","2816","0.15608","1355","0.481179","84.8795","2015","0.152918","1865","0.141534","907","0.486327","71.738","6288","0.201416","4681","0.149941","2262","0.48323","0.0261033","78.3088","1013160","25.3417","12965","22115",,"80104","20269","0.988394","1137","8720","0.425221","3.894","3.3982","4.6447","0.780218","465808","55595","92262.6","70244.5","25074","10949.1","753.527","0.565153","14.3019","0.3615","0.1092","5.63447","2994.53","23.7308","4026.13","12.7607","6621.27","502","0.107242","447","0.095492","0.202734","630","0.134587","510","0.108951","0.243538","0.00826446","859.485","1","0","12","12","-0.00102374","30/10/2015 00:00:00","25/4/2024 00:00:00",,"11/8/2024 00:30:03"
"46","4",,,"129","典韦","diǎn_wéi","阿韦|啊韦|疯狗|彻底疯狂|dw","99","4","233690900","23332127","1","0.3333",,,"3","0.000166279","683","0.0378561","346","0.506589","32.9214","3","0.000227669","406","0.0308113","186","0.458128","29.0971","6","0.000192191","1089","0.0348826","532","0.488522","0.00506795","31.0093","341939","22.1862","11118","5426",,"80104","4643","0.943507","1327","2752","0.559236","4.8292","3.7539","4.3499","0.968871","500345","70619.2","89812.8","68817.7","22391.5","10979.5","780.441","0.578153","14.2626","0.753","0.2516","5.62597","3024.27","23.9706","6882.78","9.17815","14114.7","158","0.145087","128","0.117539","0.262626","136","0.124885","103","0.094582","0.219467","0.00826446","845.784","2","3","80","91","-0.0013981","1/1/1999 00:00:00","28/3/2024 00:00:00","6/2/2024 00:00:00","11/8/2024 00:30:03"
"47","4","1",,"128","曹操","cáo_cāo","曹尺|曹三磕|曹老板|cc","99","3.5","233692400",,"1","0.2222",,,"1","0.0000554262","342","0.0189558","157","0.459064","26.7513","4","0.000303559","259","0.0196555","124","0.478764","27.9073","5","0.000160159","601","0.0192511","281","0.467554","0.0253189","27.3293","299775","31.7352","11021","2829",,"80104","1606","0.575627","1533","1296","0.464516","3.381","3.1231","4.0732","0.863561","390738","58560","92644.3","73031.4","28242","10438.8","748.474","0.50874","14.0283","0.5308","0.188","5.37942","1988.37","32.822","5131.39","5.83527","41369","58","0.096506","60","0.099834","0.196339","93","0.154742","50","0.083195","0.237937","0","836.735","0","2","103","102","0.0000334029","3/11/2015 00:00:00","30/5/2024 00:00:00","6/2/2024 00:00:00","11/8/2024 00:30:03"
"48","4",,,"107","赵云","zhào_yún","赵六|宝马|龙胆|子龙|zy","99","5","233691459","22984094","1","0.2",,,"3","0.000166279","132","0.00731626","65","0.492424","26.1052","3","0.000227669","185","0.0140396","89","0.481081","26.8904","6","0.000192191","317","0.0101541","154","0.485804","0.0128172","26.4978","266356","30.3751","10113","1461",,"80104","1249","0.900505","1338","373","0.268926","3.7666","3.3912","4.7319","0.794637","447788","54451.8","89279.7","69998.6","26142.5","10973.5","749.55","0.543126","14.2177","0.4385","0.1546","5.53864","2741.09","25.1514","4487.1","8.4795","44791.4","24","0.07571","20","0.063091","0.138801","41","0.129338","22","0.069401","0.198738","0","851.997","0","0","114","111","-0.000443113","1/1/1999 00:00:00","23/5/2024 00:00:00","6/2/2024 00:00:00","11/8/2024 00:30:03"
"49","2",,,"513","上官婉儿","shàng_guān_wǎn_ér|wǎn_ér","婉娥|上官|婉儿|sgwe","99","2.5","328323176","23406259","1","0.1667",,,"9","0.000498836","1132","0.0627425","602","0.531802","39.201","9","0.000683008","949","0.0720194","477","0.502634","39.621","18","0.000576572","2081","0.0666581","1079","0.518501","0.0570791","39.411","477109","42.0622","12165","9584",,"80110","7208","0.784587","1231","2469","0.268749","4.5863","3.9409","5.2994","1.3173","226687","78612.8","71235.8","61992.8","18858.9","9098.4","671.705","0.620741","13.5733","0.4344","0.1317","5.55977","482.02","36.655","4072.81","3.37049","13608.1","244","0.117251","224","0.107641","0.224892","277","0.133109","138","0.066314","0.199423","0","820.491","0","8","49","51","-0.000605225","18/12/2018 00:00:00","4/1/2024 00:00:00","25/4/2024 00:00:00","11/8/2024 00:30:03"
"50","4",,,"137","司马懿","sī_mǎ_yì","司马|smy","99","2","296832796","22922246","1","0.125","-1","猎杀开始","2","0.000110852","747","0.0414034","370","0.495315","33.0603","7","0.000531229","584","0.0443196","305","0.52226","35.0433","9","0.000288286","1331","0.0426343","675","0.507137","0.0188874","34.0518","402220","33.9575","11898","6159",,"80104","5660","0.922275","1421","2590","0.42203","5.3952","3.4936","4.8723","0.878588","484541","65317.6","82897.7","61524.4","21132.7","11182.3","779.806","0.628338","14.3313","0.7648","0.2517","6.40561","2959.38","25.698","6953.71","8.19609","14674.5","164","0.123216","124","0.093163","0.216379","184","0.138242","89","0.066867","0.205109","0.0165289","855.494","0","0","93","71","-0.00172919","23/8/2018 00:00:00","27/6/2024 00:00:00","21/10/2021 00:00:00","11/8/2024 00:30:03"
"51","1","3",,"125","元歌","yuán_gē","庞统|傀儡|甜筒|yg","99","2","284211343","22914017","1","0.1304",,,"1","0.0000554262","1760","0.0975502","908","0.515909","45.3124","2","0.00015178","1059","0.0803673","561","0.529745","42.5797","3","0.0000960953","2819","0.0902976","1469","0.521107","0.0169136","43.946","555742","56.4942","12679","12075",,"80115","11147","0.935465","1423","6466","0.542632","3.6524","2.6403","4.636","0.985704","272693","68289","51075.9","43072.1","19437","9902.62","693.702","0.526325","13.9762","0.7375","0.2433","6.58435","554.414","45.2934","6286.98","1.04363","8346.1","338","0.119901","386","0.136928","0.256829","512","0.181625","372","0.131962","0.313586","0.0413223","871.371","2","4","44","39","0.00268942","4/7/2018 00:00:00","27/6/2024 00:00:00","1/3/2022 00:00:00","11/8/2024 00:30:03"
"52","4",,,"195","百里玄策","bǎi_lǐ_xuán_cè|xuán_cè","小疯子|玄策|blxc","99","2.5","240425183","24089579","1","0.1667",,,"1","0.0000554262","646","0.0358053","332","0.513932","32.8646","8","0.000607118","693","0.0525916","348","0.502164","35.7024","9","0.000288286","1339","0.0428905","680","0.507842","0.0742339","34.2835","410099","31.0761","12005","6516",,"80104","6463","0.992323","1132","3839","0.589437","4.655","3.3376","4.0986","0.717774","547592","50642.7","67785.2","53058.1","19177.6","11280.9","835.718","0.57916","14.3615","1.2016","0.3928","5.96554","3453.68","24.8887","11554.6","8.18895","7348.89","162","0.120986","114","0.085138","0.206124","174","0.129948","66","0.049291","0.179238","0.00826446","827.179","0","0","70","67","-0.000657047","24/8/2017 00:00:00","7/2/2024 00:00:00","30/5/2024 00:00:00","11/8/2024 00:30:03"
"53","3",,,"196","百里守约","bǎi_lǐ_shǒu_yuē|shǒu_yuē","朱雀|守约|伏地魔|blsy","99","0.5","238080304","23128362","1","0.6667",,,"6091","0.337601","4390","0.243321","2174","0.495216","115.625","2686","0.20384","2385","0.180997","1145","0.480084","85.6836","8777","0.281143","6775","0.217015","3319","0.489889","0.00997804","100.654","1313940","41.7938","13120","32526",,"80115","30469","0.991894","1422","9013","0.293411","3.2059","2.5027","5.5169","1.19448","385780","88065.8","58258.8","49423.6","23809.8","11025.5","743.166","0.580513","14.012","1.3373","0.4892","7.01759","962.534","42.6241","12694","2.19616","8776.14","849","0.125314","773","0.114096","0.23941","1108","0.163542","660","0.097417","0.260959","0.322314","857.984","1","0","7","8","0.00294672","8/8/2017 00:00:00","20/9/2023 00:00:00","30/5/2024 00:00:00","11/8/2024 00:30:03"
"54","4",,,"162","娜可露露","nà_kě_lù_lù|mǎ_mǎ_hā_hā","小鸟|那可|娜可|露露|马马哈哈|玛玛哈哈|nkll","99","4","233693725",,"1","0.375",,,"2","0.000110852","376","0.0208403","180","0.478723","28.1181","1","0.0000758898","398","0.0302041","201","0.505025","31.3016","3","0.0000960953","774","0.0247926","381","0.492248","0.0287633","29.7098","332869","45.4249","11233","3655",,"80104","3555","0.998595","1338","692","0.194382","5.2351","3.186","3.9212","0.802455","564468","59932.4","63574.5","47690.6","18394.6","11865.9","816.279","0.576596","14.4096","0.4419","0.124","6.47615","3531.39","25.2558","4270.67","3.58656","16373.5","102","0.131783","59","0.076227","0.20801","123","0.158915","51","0.065891","0.224806","0","862.735","0","8","88","94","-0.00166039","22/2/2016 00:00:00","20/9/2023 00:00:00","11/8/2022 00:00:00","11/8/2024 00:30:03"
"55","2",,,"157","不知火舞","bú_zhī_huǒ_wǔ|bù_zhī_huǒ_wǔ","火舞|驴打滚|bzhw","99","0","233694241","23394912","1","0.5714",,,"15765","0.873794","1726","0.0956657","865","0.501159","153.415","10889","0.826364","1473","0.111786","779","0.528853","152.095","26654","0.853775","3199","0.10247","1644","0.513911","0.0895392","152.755","2260320","77.4895","14813","15961",,"80115","15593","0.993311","1239","884","0.0563129","3.5317","3.5424","5.9641","1.16808","258514","74440.4","61516.2","52705.9","17834.7","9469.05","680.439","0.592475","13.6405","0.166","0.0397","5.73527","504.801","39.3598","1686.27","24.4711","6472.01","282","0.088153","322","0.100656","0.188809","457","0.142857","276","0.086277","0.229134","0.00826446","840.417","0","5","1","1","-0.00407745","12/5/2016 00:00:00","16/5/2024 00:00:00","23/3/2020 00:00:00","11/8/2024 00:30:03"
"56","4",,,"153","兰陵王","lán_líng_wáng","兰陵灯|绿陵王|蓝零亡|llw","99","2","233693631",,"1","0.5","-1","猎杀开始","33","0.00182907","1401","0.0776521","713","0.508922","41.2052","76","0.00576763","1174","0.0890946","588","0.500852","43.5825","109","0.00349146","2575","0.0824818","1301","0.505243","0.0646367","42.3938","514576","33.1378","12205","11773",,"80104","10197","0.919726","1533","9362","0.844412","5.08","3.8571","5.3623","0.82567","445723","60410.7","65898.9","50344.4","15752.7","10920.2","738.395","0.622884","14.3033","0.3449","0.1146","6.12741","2663.09","24.0229","3353.14","16.233","18448.2","247","0.095922","222","0.086214","0.182136","293","0.113786","151","0.058641","0.172427","0.00826446","878.275","0","8","41","46","-0.00163352","16/2/2016 00:00:00","27/6/2024 00:00:00","27/9/2023 00:00:00","11/8/2024 00:30:03"
"57","2",,,"141","貂蝉","diāo_chán","蝉儿|小婵|仲夏夜|金貂|紫貂|dc","99","3","233693069","22971288","1","0.1429",,,"10","0.000554262","823","0.0456158","418","0.507898","34.5873","8","0.000607118","869","0.0659482","477","0.548907","40.7109","18","0.000576572","1692","0.0541978","895","0.52896","0.0425532","37.6491","447761","42.503","11934","6843",,"80121","3296","0.508564","1232","1535","0.236846","3.6596","3.5957","5.1383","1.23008","268376","79539.3","79435","66127.3","22983.5","9712.97","697.614","0.565917","13.6743","0.1513","0.0491","5.52973","584.526","39.2943","1212.77","5.88121","32647.4","182","0.107565","159","0.093972","0.201537","243","0.143617","131","0.077423","0.22104","0.0165289","833.758","0","0","62","56","0.000540936","15/12/2015 00:00:00","30/5/2024 00:00:00","6/6/2024 00:00:00","11/8/2024 00:30:03"
"58","4",,,"116","阿轲","ā_kē","荆轲|ak","99","3.5","233691265","22971370","1","0","-1","猎杀开始","2","0.000110852","195","0.0108081","95","0.487179","26.5345","1","0.0000758898","257","0.0195037","124","0.48249","28.0347","3","0.0000960953","452","0.0144784","219","0.484513","0.0143973","27.2846","299448","32.1641","11039","2243",,"80104","2225","0.991091","1338","287","0.12784","5.5597","3.2876","4.1726","0.788938","519430","58509.9","74464.9","56575.6","20974.6","11431.1","794.416","0.583566","14.323","0.5398","0.1881","6.719","3272.17","21.9358","4857.48","3.32301","33091.5","72","0.159292","47","0.103982","0.263274","76","0.168142","42","0.09292","0.261062","0","852.85","0","0","106","103","-0.000873863","1/1/1999 00:00:00","20/9/2023 00:00:00","2/6/2021 00:00:00","11/8/2024 00:30:03"
"59","2",,,"312","沈梦溪","shěn_mèng_xī","猫咪|喵咪|炸弹猫|smx","99","2","303076974",,"1","0.3333",,,"9","0.000498836","1901","0.105365","912","0.479748","45.1228","0","0","1151","0.0873492","539","0.468288","40.8843","9","0.000288286","3052","0.097761","1451","0.475426","0.0854706","43.0035","520558","59.6018","12146","14923",,"80115","14581","0.993595","1234","10524","0.717138","2.7693","2.4351","7.0275","1.56009","265013","105162","48058.3","42638.7","20779.8","9408.63","642.693","0.653521","13.8306","0.1402","0.0364","8.18574","435.708","39.4148","1176.25","12.5242","7304.55","406","0.133028","513","0.168087","0.301114","538","0.176278","364","0.119266","0.295544","0","883.497","0","7","40","45","0.00237202","23/10/2018 00:00:00","14/3/2024 00:00:00","22/2/2024 00:00:00","11/8/2024 00:30:03"
"60","2",,,"504","米莱狄","mǐ_lái_dí","mld","99","4","276642583","22925972","1","0.5",,,"4","0.000221705","282","0.0156302","141","0.5","28.1538","1","0.0000758898","258","0.0195796","109","0.422481","25.0494","5","0.000160159","540","0.0172972","250","0.462963","0.0136535","26.6016","279343","29.5577","10553","2506",,"80115","2252","0.964867","1424","542","0.232219","2.2593","2.8","5.6241","1.44944","264429","88562.9","39368.2","36491.4","15168.1","8507.67","647.427","0.565963","13.5148","1.4796","0.5167","5.93287","506.343","37.4019","14832","12.1907","5511.99","70","0.12963","84","0.155556","0.285185","101","0.187037","73","0.135185","0.322222","0","827.252","0","4","102","108","-0.000348759","15/5/2018 00:00:00","27/6/2024 00:00:00","9/11/2023 00:00:00","11/8/2024 00:30:03"
"61","2",,,"197","弈星","yì_xīng","一星|下棋|围棋少年|yx","99","2","268511949","23611639","1","0.1538",,,"18","0.000997672","2550","0.141337","1239","0.485882","52.6862","20","0.0015178","1699","0.128937","866","0.509712","51.4627","38","0.00121721","4249","0.136103","2105","0.495411","0.158855","52.0744","639214","80.4054","12322","20485",,"80115","19848","0.992003","1235","17872","0.893243","2.4345","2.5114","8.6559","1.23648","210906","73135","51906.8","46668.4","22403.8","8860.49","623.768","0.703855","13.6037","0.212","0.0621","9.19441","436.401","34.7581","1765.12","20.1273","6818.48","352","0.082843","347","0.081666","0.164509","589","0.138621","389","0.091551","0.230172","0.00826446","852.956","0","0","30","32","0.00278199","20/3/2018 00:00:00","28/3/2024 00:00:00",,"11/8/2024 00:30:03"
"62","2",,,"176","杨玉环","yáng_yù_huán","环环|李华|yyh","99","1","263450851","22920588","1","0.4",,,"6","0.000332557","2499","0.13851","1249","0.4998","52.7336","5","0.000379449","1780","0.135084","891","0.500562","52.0923","11","0.00035235","4279","0.137064","2140","0.500117","0.161278","52.4129","663758","54.2425","12715","20614",,"80115","15228","0.760108","1423","11460","0.572028","2.7724","2.7801","7.6191","1.08177","256085","65781.1","78560.9","66606.8","29635.3","9224.95","678.073","0.700607","13.5763","0.4356","0.1376","8.11979","825.151","32.3742","4060.66","17.0939","58725.4","496","0.115915","319","0.07455","0.190465","716","0.167329","451","0.105398","0.272727","0","819.038","1","0","27","30","0.00241703","12/2/2018 00:00:00","16/5/2024 00:00:00","6/2/2024 00:00:00","11/8/2024 00:30:03"
"63","2",,,"179","女娲","nǚ_wā","补天|nw","99","3","252481804","22965595","1","0.5",,,"4","0.000221705","953","0.0528212","486","0.509969","36.0904","2","0.00015178","772","0.0585869","374","0.484456","35.9592","6","0.000192191","1725","0.0552548","860","0.498551","0.0219819","36.0248","424552","33.92","11830","7407",,"80115","7123","0.997759","1423","2453","0.343606","3.1049","2.04","7.7426","1.15751","261630","77906.3","42762.5","38108.3","21271.5","9926.73","664.304","0.693548","13.8852","0.1838","0.0446","10.3762","393.331","44.4006","1461.63","20.7125","16547.8","226","0.131014","218","0.126377","0.257391","266","0.154203","166","0.096232","0.250435","0.0330578","877.716","0","0","71","60","-0.000607713","21/11/2017 00:00:00","18/1/2024 00:00:00","11/1/2024 00:00:00","11/8/2024 00:30:03"
"64","2",,,"182","干将莫邪","gàn_jiāng_mò_xié|gàn_jiāng_mò_yé|gàn_jiāng|mò_yé","干将|莫邪|gjmy","99","2","233695744","22992421","1","0.5",,,"2","0.000110852","1808","0.100211","915","0.506084","45.3602","5","0.000379449","1372","0.104121","676","0.492711","45.5072","7","0.000224222","3180","0.101861","1591","0.500314","0.0170121","45.4337","556744","30.5803","12306","14972",,"80115","14417","0.997026","1233","13816","0.955463","3.8912","2.956","5.1698","1.45994","319837","101181","45574.7","40885.2","16486.6","9946.67","682.821","0.577698","13.9097","0.2123","0.055","6.65018","594.898","45.5072","1546.94","2.19906","6217.67","426","0.133962","424","0.133333","0.267296","461","0.144969","268","0.084277","0.229245","0.0578512","876.856","2","4","38","38","-0.00291915","22/5/2017 00:00:00",,"2/3/2023 00:00:00","11/8/2024 00:30:03"
"65","4","2",,"190","诸葛亮","zhū_gě_liàng|ā_liàng","村夫|zgl","99","2","233695495",,"1","0.3333",,,"2","0.000110852","1079","0.0598049","576","0.533828","38.6662","2","0.00015178","1011","0.0767246","530","0.524233","41.5756","4","0.000128127","2090","0.0669464","1106","0.529187","0.0342223","40.1209","491641","49.7019","12302","9748",,"80104","6549","0.696628","1424","6629","0.705138","5.1426","2.8761","4.7545","1.21043","500509","96804.7","68106.1","51119.2","21236.2","11406.2","795.913","0.622614","14.3354","0.1297","0.034","7.43439","2402.03","38.7636","1263.61","0.87799","5515.26","395","0.188995","292","0.139713","0.328708","329","0.157416","219","0.104785","0.262201","0.0330578","867.32","0","0","51","50","-0.0000232108","24/1/2017 00:00:00","27/6/2024 00:00:00","6/6/2024 00:00:00","11/8/2024 00:30:03"
"66","5",,,"175","钟馗","zhōng_kuí","城管|zk","99","5","233693871",,"1","0",,,"38","0.0021062","626","0.0346968","318","0.507987","32.602","51","0.00387038","582","0.0441679","271","0.465636","32.5992","89","0.00285083","1208","0.0386944","589","0.487583","0.0170088","32.6006","342958","42.8673","9885","5930",,"80115","4403","0.768814","1341","2968","0.518247","1.5604","4.4421","10.2334","0.761341","63267.1","37099.5","92416.9","85616.4","22703.5","7453.63","519.033","0.656949","13.2202","0.0571","0.019","5.74517","234.063","7.17301","442.785","32.827","6293.94","30","0.024834","15","0.012417","0.037252","111","0.091887","71","0.058775","0.150662","0.0165289","858.325","0","0","96","90","-0.00250728","24/3/2016 00:00:00",,"29/9/2021 00:00:00","11/8/2024 00:30:03"
"67","5","2",,"156","张良","zhāng_liáng","zl","99","5","233692149",,"1","0",,,"16","0.00088682","223","0.01236","118","0.529148","29.0403","29","0.0022008","393","0.0298247","176","0.447837","28.6319","45","0.00144143","616","0.0197316","294","0.477273","0.0107673","28.8361","270165","41.717","9425","2660",,"80115","1314","0.537863","1353","497","0.203438","1.5292","3.4643","8.8328","0.87224","124342","44256.8","55972.5","50296.4","17327.2","7835.77","553.918","0.64362","13.2549","0.1201","0.0325","6.46542","348.261","20.2484","990.554","19.8166","7524.96","27","0.043831","27","0.043831","0.087662","64","0.103896","33","0.053571","0.157468","0","839.927","0","0","108","110","-0.00108837","26/10/2015 00:00:00",,"29/7/2022 00:00:00","11/8/2024 00:30:03"
"68","2",,,"152","王昭君","wáng_zhāo_jun","昭君|凤凰于飞|wzj","99","2.5","233690714","23057693","1","0",,,"11","0.000609689","1696","0.0940029","874","0.51533","44.6433","12","0.000910678","1502","0.113986","747","0.497337","47.778","23","0.000736731","3198","0.102438","1621","0.506879","0.118947","46.2106","539093","36.5387","11730","14714",,"80115","13741","0.960976","1426","4014","0.280719","2.2158","3.2201","7.9687","1.26889","181688","72205.6","62560.7","56801.7","21290.3","8264.29","584.149","0.637577","13.6163","0.2064","0.0572","6.84367","377.786","27.4478","1535.97","29.9678","5023.71","176","0.055034","252","0.078799","0.133834","391","0.122264","216","0.067542","0.189806","0","865.501","2","0","46","41","-0.00212162","1/1/1999 00:00:00","18/4/2024 00:00:00","20/10/2022 00:00:00","11/8/2024 00:30:03"
"69","2",,,"148","姜子牙","jiāng_zǐ_yá","姜老头|姜太公|zjy","99","2.5","233692016",,"1","0",,,"8","0.00044341","1276","0.0707239","572","0.448276","36.614","12","0.000910678","1184","0.0898535","577","0.487331","42.4511","20","0.000640635","2460","0.0787982","1149","0.467073","0.00952565","39.5325","443516","32.4096","11328","12676",,"80115","11723","0.940096","1426","8006","0.642021","2.4037","2.8789","6.4829","1.33699","245044","81233.2","44875.8","40918.7","16629","9034.19","624.729","0.595946","17.2337","0.1898","0.0589","6.5702","457.354","35.5419","2455.53","24.0573","6666.13","167","0.067886","259","0.105285","0.173171","239","0.097154","158","0.064228","0.161382","0.0495868","859.737","2","7","52","57","-0.00262207","1/1/1999 00:00:00",,"3/11/2023 00:00:00","11/8/2024 00:30:03"
"70","2",,,"142","安琪拉","ān_qí_lā","安吉拉|aql","99","4","233689731","22966052","1","0",,,"5","0.000277131","568","0.0314821","275","0.484155","30.5388","2","0.00015178","424","0.0321773","191","0.450472","28.978","7","0.000224222","992","0.0317755","466","0.469758","0.0218212","29.7584","333264","26.8006","11249","4882",,"80115","4734","0.993286","12211","724","0.151909","3.7107","2.9345","4.8942","1.15625","262440","72712.9","58070.9","52070.7","21150.2","9626.59","672.717","0.560536","13.6925","0.1573","0.0504","6.27079","537.64","41.5484","1290.39","12.377","5942.59","105","0.105847","120","0.120968","0.226815","128","0.129032","78","0.078629","0.207661","0.0247934","855.712","0","0","89","93","-0.000443921","1/1/1999 00:00:00","30/5/2024 00:00:00","13/6/2024 00:00:00","11/8/2024 00:30:03"
"71","2",,,"136","武则天","wǔ_zé_tiān","女帝|wzt","99","2.5","233691710","22881296","1","0.6",,,"2","0.000110852","817","0.0452832","420","0.514076","34.7743","1","0.0000758898","748","0.0567656","365","0.487968","35.761","3","0.0000960953","1565","0.0501297","785","0.501597","0.0167522","35.2676","408928","32.8017","11658","7016",,"80115","6555","0.985714","12211","1777","0.267218","2.4224","2.846","8.0441","1.34524","265787","85541.4","49127.5","44864.1","18949.4","9270.23","647.549","0.671369","13.7687","0.1054","0.0288","7.95627","472.417","38.6895","967.096","40.8141","7172.49","122","0.077955","100","0.063898","0.141853","205","0.13099","97","0.061981","0.192971","0.0413223","868.359","0","2","69","68","-0.000750429","1/1/1999 00:00:00","2/4/2024 00:00:00",,"11/8/2024 00:30:03"
"72","2",,,"127","甄姬","zhēn_jī","蒸鸡|zj","99","0.5","233689786","22999301","1","0.7692",,,"3375","0.187064","4899","0.271533","2572","0.525005","103.94","622","0.0472035","2458","0.186537","1275","0.518714","69.1436","3997","0.128031","7357","0.235658","3847","0.522903","0.0071334","86.5417","1156280","25.4601","13360","34705",,"80115","33383","0.992626","12211","10875","0.323362","2.3098","2.7432","6.9734","1.54351","238826","98387.7","47757.1","42436.2","18425","8980.27","608.401","0.60237","13.7727","0.1057","0.0284","7.14855","418.405","32.1173","827.084","26.6225","7438.43","683","0.092837","866","0.117711","0.210548","1128","0.153323","805","0.10942","0.262743","0.00826446","884.121","2","8","9","9","0.00881123","1/1/1999 00:00:00","23/5/2024 00:00:00","9/11/2023 00:00:00","11/8/2024 00:30:03"
"73","2",,,"124","周瑜","zhōu_yú","都督|zy","99","3","233692475","22960393","1","0",,,"1","0.0000554262","499","0.0276577","251","0.503006","30.6888","2","0.00015178","423","0.0321014","212","0.501182","31.4984","3","0.0000960953","922","0.0295333","463","0.502169","0.0130411","31.0936","347906","36.9149","11243","4112",,"80115","3813","0.989362","1424","1647","0.427348","2.295","3.3601","7.3124","1.31128","289262","85938.7","65727.1","57286.1","20555.7","9445.08","671.544","0.638589","13.769","0.5586","0.2039","6.30124","533.609","45.1453","6812.01","13.397","21891.3","74","0.08026","78","0.084599","0.164859","119","0.129067","79","0.085683","0.214751","0.0165289","854.328","0","0","92","86","-0.0015914","10/11/2015 00:00:00","30/5/2024 00:00:00","26/12/2023 00:00:00","11/8/2024 00:30:03"
"74","2",,,"119","扁鹊","biǎn_què","奶爸|鹊鹊|毒奶|bq","99","5","233690477","25524481","1","0",,,"1","0.0000554262","145","0.0080368","69","0.475862","25.4074","1","0.0000758898","136","0.010321","65","0.477941","25.9707","2","0.0000640635","281","0.00900093","134","0.476868","0.0053576","25.6891","250263","31.2235","9818","1449",,"80115","1350","0.979681","1237","635","0.460813","2.2811","2.9822","7.7117","1.05053","201906","64212.5","77412.3","66781.2","28659.4","8994.46","650.366","0.723623","13.5907","0.1886","0.0641","7.23235","575.487","35.0249","1772.57","5.55872","103997","25","0.088968","23","0.081851","0.170819","46","0.163701","26","0.092527","0.256228","0","827.996","0","0","116","114","-0.000480939","1/1/1999 00:00:00","30/5/2024 00:00:00","14/3/2024 00:00:00","11/8/2024 00:30:03"
"75","5",,,"118","孙膑","sūn_bìn","天使|孙斌|小天使|sb","99","1","233690199","22974262","1","1",,,"1747","0.0968296","3720","0.206186","2017","0.542204","80.451","1935","0.146847","3371","0.255825","1725","0.511718","95.1066","3682","0.117941","7091","0.227137","3742","0.527711","0.168785","87.7788","1094690","41.9497","12523","32382",,"80102","25389","0.814533","1333","8388","0.269105","1.1221","2.2794","10.2564","0.822663","84755.6","42027.5","77687","70245.4","36466.3","7672.62","533.799","0.725372","13.4892","0.1788","0.0499","10.1912","305.89","8.40206","1524.41","16.1224","15098.9","648","0.091383","488","0.06882","0.160203","1212","0.170921","1055","0.14878","0.319701","0.00826446","862.864","1","0","10","10","-0.00144932","1/1/1999 00:00:00","28/3/2024 00:00:00","19/3/2024 00:00:00","11/8/2024 00:30:03"
"76","2",,,"115","高渐离","gāo_jiàn_lí","摇滚|离歌|离哥|gjl","99","3.5","233691331","25006043","1","0",,,"1","0.0000554262","445","0.0246647","220","0.494382","29.659","1","0.0000758898","337","0.0255749","174","0.51632","30.9405","2","0.0000640635","782","0.0250488","394","0.503836","0.00987606","30.2997","329964","26.872","10930","3754",,"80110","2709","0.722015","1232","1729","0.460821","4.2775","3.7327","5.3159","1.3477","261345","84757.4","75619.4","64661.3","20826.8","9698.64","693.414","0.619818","13.6189","0.4169","0.124","5.49079","496.125","40.8875","3865.95","0.863171","11941.8","87","0.111253","88","0.112532","0.223785","99","0.126598","63","0.080563","0.207161","0.00826446","825.327","0","2","95","95","-0.00164175","1/1/1999 00:00:00","11/1/2024 00:00:00","10/6/2022 00:00:00","11/8/2024 00:30:03"
"77","2",,,"110","嬴政","yíng_zhèng","赢政|秦王|秦始皇|yz","99","5","233691393",,"1","0",,,"2","0.000110852","248","0.0137457","101","0.407258","23.1259","0","0","238","0.0180618","106","0.445378","25.8813","2","0.0000640635","486","0.0155674","207","0.425926","0.00777921","24.5036","247584","47.5262","10173","2625",,"80115","2367","0.926782","1424","1072","0.419734","2.7078","2.4733","5.786","1.41996","291322","94937.1","57619.1","49891.5","23822.9","9560.97","681.735","0.589772","13.6564","0.3272","0.107","7.11899","552.5","44.6255","3130.87","3.29012","5793.68","47","0.096708","70","0.144033","0.240741","68","0.139918","42","0.08642","0.226337","0","841.881","0","0","111","116","-0.000313943","1/1/1999 00:00:00",,,"11/8/2024 00:30:03"
"78","2",,,"109","妲己","dá_jǐ","狐狸|dj","99","5","233689863","22999203","1","0",,,"6","0.000332557","84","0.0046558","27","0.321429","17.0442","4","0.000303559","99","0.00751309","41","0.414141","22.2476","10","0.000320318","183","0.00586182","68","0.371585","0.00132365","19.6459","183375","21.7223","9382","975",,"80115","891","0.960129","1231","267","0.287716","2.8798","3.377","4.7978","1.16503","198024","62475.7","44222","39819.8","13765.1","8948.54","634.947","0.530656","13.0219","0.0874","0.0219","4.76213","445.634","31.9016","700.585","15.1093","5741.27","7","0.038251","21","0.114754","0.153005","20","0.10929","11","0.060109","0.169399","0","789.934","0","1","120","121","-0.000273435","1/1/1999 00:00:00","20/9/2023 00:00:00","2/4/2024 00:00:00","11/8/2024 00:30:03"
"79","2",,,"106","小乔","xiǎo_qiáo","乔妹|桥妹|小桥|天鹅|青蛇|xq","99","2.5","233690268",,"1","0.125",,,"3","0.000166279","2586","0.143332","1286","0.497293","53.5519","6","0.000455339","1939","0.14715","983","0.506962","54.8351","9","0.000288286","4525","0.144944","2269","0.501436","0.0240777","54.1935","680508","32.2353","12606","17936",,"80115","16447","0.996365","1233","15065","0.912643","3.6051","3.1286","5.989","1.30619","279644","82558.2","51140.4","45153.3","17405","9738.32","670.599","0.604038","13.8002","0.122","0.0325","6.58914","585.717","38.6559","957.471","14.2853","5876.67","459","0.101436","616","0.136133","0.237569","728","0.160884","402","0.08884","0.249724","0.0743802","863.701","2","3","33","28","-0.00234878","1/1/1999 00:00:00","30/5/2024 00:00:00","11/4/2024 00:00:00","11/8/2024 00:30:03"
"80","3",,,"508","伽罗","gā_luó|jiā_luó","长臂猿|jl","99","3","298690587",,"1","0",,,"7","0.000387984","493","0.0273251","248","0.503043","30.6657","5","0.000379449","462","0.0350611","238","0.515152","32.8172","12","0.000384381","955","0.0305903","486","0.508901","0.0335197","31.7414","344268","30.061","10963","4490",,"80115","4220","0.993409","1132","984","0.231638","3.9319","3.1759","5.289","1.14628","381554","79488.3","54949.3","46889.4","18115","10859.1","755.365","0.583748","14.0314","1.3696","0.5194","6.14695","1114.91","41.1654","13050.3","5.26283","8310.2","73","0.07644","70","0.073298","0.149738","95","0.099476","32","0.033508","0.132984","0","853.311","0","0","84","88","-0.00109105","27/9/2018 00:00:00","27/6/2024 00:00:00","25/1/2024 00:00:00","11/8/2024 00:30:03"
"81","3",,,"199","公孙离","gōng_sūn_lí|ā_lí","阿离|啊离|乔离|al","99","0","261537148","22921767","1","0.5789",,,"8950","0.496065","5703","0.316096","3018","0.529195","151.687","5313","0.403203","3735","0.283448","2045","0.547523","134.466","14263","0.456869","9438","0.302316","5063","0.536448","0.0744982","143.077","2085770","75.2843","14518","46451",,"80110","47383","0.994585","1421","9591","0.201318","4.1325","3.1972","5.0485","1.16123","408059","86637.9","67460","53727.4","20837.3","10992.9","776.513","0.578059","14.1255","1.3125","0.4873","6.3072","1256.22","41.7154","11730","3.65999","7512.69","1308","0.138589","1116","0.118245","0.256834","1540","0.16317","867","0.091863","0.255033","0.00826446","853.794","2","57","4","2","0.0029381","29/1/2018 00:00:00","27/6/2024 00:00:00","11/4/2024 00:00:00","11/8/2024 00:30:03"
"82","3",,,"192","黄忠","huáng_zhōng","炮台|炮架|架炮|黄老头|hz","99","3.5","233695547","24021193","1","0",,,"3","0.000166279","398","0.0220596","192","0.482412","28.5533","2","0.00015178","390","0.029597","189","0.484615","30.1691","5","0.000160159","788","0.025241","381","0.483503","0.0402299","29.3612","319714","24.7251","10950","3472",,"80115","3154","0.978288","1421","594","0.184243","3.4898","3.1904","5.2589","1.19365","380852","82861.6","62204.8","53226.9","20548.1","10609.8","751.908","0.566014","13.9886","1.4365","0.5305","5.88588","1051.95","40.1904","13348.5","5.72208","6387.86","89","0.112944","60","0.076142","0.189086","97","0.123096","53","0.067259","0.190355","0","837.935","0","2","104","98","-0.0000475391","21/2/2017 00:00:00","31/1/2024 00:00:00","23/5/2024 00:00:00","11/8/2024 00:30:03"
"83","3",,,"177","成吉思汗","chéng_jí_sī_hàn","狼狗|二哈|村长|cjsh","99","6","233695224",,"1","0.2",,,"4","0.000221705","115","0.00637402","57","0.495652","26.0851","2","0.00015178","94","0.00713364","44","0.468085","24.85","6","0.000192191","209","0.00669464","101","0.483254","0.00251759","25.4675","246653","32.3856","9722","897",,"80115","733","0.919699","1138","31","0.0388959","4.0191","2.9139","4.5742","1.08278","449229","77877.4","61327.1","51617.6","22018.9","11547.6","803.113","0.573837","13.9713","1.1531","0.488","6.32096","1450.13","42.9809","10645.9","4.6555","8054.93","35","0.167464","15","0.07177","0.239234","31","0.148325","11","0.052632","0.200957","0","835","0","4","113","117","0.000176319","27/9/2016 00:00:00",,,"11/8/2024 00:30:03"
"84","3",,,"174","虞姬","yú_jī","yj","99","2.5","233694376","23380804","1","0.3333",,,"7","0.000387984","1128","0.0625208","521","0.461879","35.6466","7","0.000531229","1114","0.0845412","520","0.466786","40.314","14","0.000448445","2242","0.0718152","1041","0.464318","0.0746047","37.9803","437267","50.3232","11561","10035",,"80115","9489","0.995384","1132","3289","0.345012","3.4826","3.1186","4.9384","1.14804","376064","81826.6","59033.8","49900","19187.5","10597.6","742.102","0.543437","14.0107","1.3158","0.4991","5.65539","997.919","42.3546","12078.3","7.79661","7633.46","165","0.073595","185","0.082516","0.156111","229","0.102141","83","0.037021","0.139161","0","855.727","0","2","59","58","-0.00255594","24/5/2016 00:00:00","28/3/2024 00:00:00","6/2/2024 00:00:00","11/8/2024 00:30:03"
"85","3","4",,"173","李元芳","lǐ_yuán_fāng","耗子|lyf","99","4","233693951",,"1","0.1111",,,"6","0.000332557","322","0.0178472","150","0.465839","26.9029","1","0.0000758898","374","0.0283828","205","0.548128","33.0925","7","0.000224222","696","0.0222941","355","0.510057","0.0316456","29.9977","319926","70.1513","10705","3234",,"80115","2072","0.698349","1338","453","0.152679","3.7759","3.1207","6.3017","0.966667","454538","70338.9","66308.4","54033.4","20728.4","10905.1","766.628","0.640529","14.1566","1.3736","0.5","6.6634","1766.8","37.4368","13159.7","5.13506","8108.41","66","0.094828","51","0.073276","0.168103","83","0.119253","40","0.057471","0.176724","0","857.181","0","1","100","97","-0.000765116","12/4/2016 00:00:00","4/1/2024 00:00:00","6/9/2023 00:00:00","11/8/2024 00:30:03"
"86","3",,,"169","后羿","hòu_yì","后裔|吸血泵|hy","99","2","261560183","23258227","1","0.2",,,"6","0.000332557","1023","0.056701","507","0.495601","36.1618","4","0.000303559","890","0.0675419","432","0.485393","37.816","10","0.000320318","1913","0.0612768","939","0.490852","0.00948938","36.9889","423301","30.3518","11497","9002",,"80115","8363","0.986087","11210","384","0.0452777","3.219","3.4208","6.4354","1.06916","376158","74099.9","60178.4","50728.4","17773.8","10425.5","750.544","0.599592","13.9786","1.4548","0.5274","6.05435","1160.56","39.9007","13231.2","20.1108","7150.83","98","0.051228","124","0.06482","0.116048","168","0.08782","53","0.027705","0.115525","0.00826446","842.739","1","0","57","61","-0.00420199","1/1/1999 00:00:00","28/3/2024 00:00:00","18/1/2023 00:00:00","11/8/2024 00:30:03"
"87","3",,,"133","狄仁杰","dí_rén_jié","发牌|狄战士|drj","99","1.5","233690528",,"1","0",,,"30","0.00166279","3100","0.171821","1533","0.494516","59.2979","17","0.00129013","2323","0.176292","1109","0.4774","59.2897","47","0.00150549","5423","0.173708","2642","0.487184","0.158456","59.2938","719174","69.1377","12151","26032",,"80115","25333","0.998266","1155","5168","0.203649","2.8152","2.9216","6.0939","1.18678","368501","85330.8","65857.2","56099.8","23405.7","10335.1","733.198","0.572717","14.0312","1.5193","0.5549","6.40654","1006.09","41.2714","14502.5","9.5685","6347.79","348","0.064171","432","0.079661","0.143832","594","0.109533","234","0.04315","0.152683","0.00826446","858.169","0","0","25","25","-0.00285032","1/1/1999 00:00:00","30/11/2023 00:00:00","2/4/2024 00:00:00","11/8/2024 00:30:03"
"88","3",,,"132","马可波罗","mǎ_kě_bō_luó|mǎ_kè_bō_luó","mkbl","99","1.5","233695100","23719957","1","0",,,"41","0.00227248","3335","0.184846","1560","0.467766","60.6417","65","0.00493284","2933","0.222585","1373","0.468121","68.5396","106","0.00339537","6268","0.200775","2933","0.467932","0.051831","64.5906","823854","102.111","12804","27729",,"80107","14630","0.543301","1341","19026","0.706551","4.2047","3.2527","5.4371","1.09383","385076","84008.9","65041","54732.4","20493","11381","767.746","0.591776","14.1359","0.9825","0.392","6.1791","1065.69","46.5968","8041.65","0.753989","10422.4","636","0.101468","689","0.109923","0.211391","740","0.11806","400","0.063816","0.181876","0.0165289","876.524","0","0","22","21","-0.00907517","23/8/2016 00:00:00","6/9/2023 00:00:00","26/10/2023 00:00:00","11/8/2024 00:30:03"
"89","3",,,"112","鲁班七号","lǔ_bān_qī_hào","卤蛋|卤班|电玩|小书包|电玩小子|蛋总|lbqh","99","2.5","233691898","22920847","1","0.1667",,,"9","0.000498836","972","0.0538743","510","0.524691","37.0718","4","0.000303559","668","0.0506944","332","0.497006","35.0271","13","0.000416413","1640","0.0525321","842","0.513415","0.0469194","36.0495","418714","39.465","11675","8031",,"80115","7626","0.995301","1126","861","0.112373","3.7317","3.1854","5.661","1.24091","421552","90680.1","58484.4","50447","19023.8","10612.1","761.821","0.608819","14.0439","1.5963","0.5579","6.2778","1099.41","45.5299","15210.2","5.04146","6361.73","173","0.105488","168","0.102439","0.207927","216","0.131707","117","0.071341","0.203049","0.00826446","850.356","0","0","63","64","-0.00219081","1/1/1999 00:00:00","12/10/2023 00:00:00","26/10/2023 00:00:00","11/8/2024 00:30:03"
"90","3",,,"111","孙尚香","sūn_shàng_xiāng","香香|蒜香|大小姐|ssx","99","1","233690146",,"1","0.2",,,"20","0.00110852","4567","0.253132","2262","0.495292","75.5295","17","0.00129013","3224","0.244669","1629","0.505273","74.3587","37","0.00118518","7791","0.24956","3891","0.499422","0.151141","74.9441","985365","95.0878","13187","35683",,"80115","22771","0.670979","1136","5219","0.153785","4.0714","2.9646","4.8859","1.14707","412294","83201.1","66877.8","56943.9","23507.7","10974","780.285","0.586454","14.0701","1.6415","0.5743","6.4782","1143.9","45.119","15873.9","4.59671","8080.27","1067","0.136953","931","0.119497","0.25645","1196","0.15351","581","0.074573","0.228084","0","850.607","2","10","14","14","0.00517044","1/1/1999 00:00:00","27/6/2024 00:00:00","6/2/2024 00:00:00","11/8/2024 00:30:03"
"91","5",,,"505","瑶","yáo","小鹿|巴宝莉","99","2","335662194","24164005","1","0.3333",,,"1310","0.0726084","2593","0.14372","1216","0.468955","61.2678","2333","0.177051","2838","0.215375","1423","0.501409","90.2769","3643","0.116692","5431","0.173965","2639","0.485914","0.0255102","75.7724","904040","33.527","11977","22440",,"80102","20938","0.981944","1353","14526","0.681236","0.9866","2.4804","9.8735","0.718468","70516.7","35907.6","52427.2","47871.2","22218","7860.69","549.566","0.709279","13.4066","0.0853","0.0269","9.18198","356.601","7.14859","675.264","25.9705","14362.4","250","0.046032","148","0.027251","0.073283","752","0.138464","525","0.096667","0.235132","0","850.18","2","2","21","17","-0.00700057","16/4/2019 00:00:00","18/4/2024 00:00:00","25/5/2023 00:00:00","11/8/2024 00:30:03"
"92","5",,,"509","盾山","dùn_shān","灶台|ds","99","6","295929969","22965788","1","0.75",,,"380","0.021062","238","0.0131914","115","0.483193","29.4307","560","0.0424983","228","0.0173029","127","0.557018","36.6237","940","0.0301099","466","0.0149268","242","0.519313","0.0166494","33.0272","281293","114.272","8593","2409",,"80115","2277","0.993022","1332","544","0.237244","0.5258","4.0129","9.6116","0.343133","38199.6","16143.7","80797.4","73177.7","21365.6","7358.22","509.637","0.604026","13.2811","0.2339","0.0708","5.43425","240.356","5.2103","1490.19","26.0258","17130.3","21","0.045064","6","0.012876","0.05794","65","0.139485","42","0.090129","0.229614","0","865.195","0","2","109","107","-0.000452007","4/9/2018 00:00:00","28/3/2024 00:00:00","2/11/2022 00:00:00","11/8/2024 00:30:03"
"93","5",,,"501","明世隐","míng_shì_yǐn","小明|msy","99","2","255825928","24118117","1","0.25",,,"595","0.0329786","1342","0.074382","712","0.530551","45.5263","764","0.0579798","1160","0.0880322","603","0.519828","50.8453","1359","0.0435312","2502","0.0801435","1315","0.52558","0.00488452","48.1858","535200","19.5865","11176","12721",,"80102","10699","0.850071","1232","4306","0.342126","1.1011","2.7554","9.1839","0.542086","66992.8","26136.3","70072.9","62119.7","27407.3","7571.56","552.196","0.693718","13.3321","0.2886","0.0667","8.10026","403.798","6.89528","2749.95","0.00119904","51497","100","0.039968","42","0.016787","0.056755","353","0.141087","213","0.085132","0.226219","0.0578512","826.157","1","0","36","43","0.0022164","13/12/2017 00:00:00","25/4/2024 00:00:00","9/5/2024 00:00:00","11/8/2024 00:30:03"
"94","5",,,"189","鬼谷子","guǐ_gǔ_zǐ","ggz","99","3.5","233695804","22918052","1","0",,,"24","0.00133023","494","0.0273806","259","0.524292","31.857","71","0.00538818","537","0.0407528","271","0.504655","34.0569","95","0.00304302","1031","0.0330248","530","0.514064","0.0253432","32.9569","362889","41.7561","11068","4896",,"80115","4519","0.998674","1353","387","0.0855249","1.1018","3.6052","12.2512","0.753831","76723.6","36150.1","78422.5","70108.9","23771.5","7408.69","516.013","0.740352","13.4171","0.1261","0.0378","8.30046","250.794","8.82153","1180.71","16.16","5614.25","33","0.032008","18","0.017459","0.049467","128","0.124151","68","0.065955","0.190107","0.00826446","870.309","2","2","75","79","-0.000914461","29/6/2017 00:00:00","22/2/2024 00:00:00","27/10/2022 00:00:00","11/8/2024 00:30:03"
"95","5",,,"191","大乔","dà_qiáo","乔姐|桥姐|大桥|白蛇|乔离|dq","99","0","233695607",,"1","0.3636",,,"12650","0.701142","1832","0.101541","931","0.508188","133.36","10993","0.834257","1089","0.082644","531","0.487603","145.191","23643","0.757327","2921","0.0935648","1462","0.500513","0.460967","139.276","1860580","121.512","13432","13432",,"80102","5523","0.433176","1238","544","0.0426667","1.2181","2.6861","10.2485","1.05704","147828","60285.2","79108.2","70442.3","31977.5","8072.02","555.393","0.717177","13.622","0.1541","0.0452","9.10314","293.444","17.0462","1171.98","9.72715","7956.63","200","0.06847","191","0.065389","0.133858","443","0.15166","309","0.105786","0.257446","0.0165289","881.687","2","8","5","5","0.000384184","28/2/2017 00:00:00","27/6/2024 00:00:00","23/5/2024 00:00:00","11/8/2024 00:30:03"
"97","5",,,"184","蔡文姬","cài_wén_jī","蔡姬|蔡鸡|奶妈|蔡蔡|奇迹|cwj","99","3","233694596","23098739","1","1",,,"98","0.00543177","1474","0.0816983","757","0.513569","42.697","229","0.0173788","1537","0.116643","763","0.496422","50.322","327","0.0104744","3011","0.0964477","1520","0.504816","0.028654","46.5095","536580","31.2728","11637","13273",,"80102","8551","0.684957","1232","6735","0.539491","0.4686","2.649","9.5908","0.479774","54031.6","21924.5","90542.6","81883.5","38165","7304.78","531.104","0.680021","13.2278","0.1936","0.0558","8.23616","291.7","5.67785","1445.21","32.8054","95664.1","125","0.041514","70","0.023248","0.064763","448","0.148788","292","0.096978","0.245766","0.00826446","823.545","2","0","42","42","-0.00213228","8/7/2016 00:00:00","16/5/2024 00:00:00","1/6/2023 00:00:00","11/8/2024 00:30:03"
"98","2",,,"523","西施","xī_shī","xs","99","1","366427664",,"1","0.1667",,,"188","0.0104201","3252","0.180246","1731","0.532288","63.9661","221","0.0167716","2235","0.169614","1204","0.538702","62.9543","409","0.013101","5487","0.175758","2935","0.534901","0.0763525","63.4602","809118","75.0722","12779","24260",,"80115","22115","0.933792","1423","7151","0.301947","2.24","2.7784","8.1188","1.25863","197114","73756.6","46916.1","42711.3","18233","8504.87","589.22","0.631884","13.6971","0.1183","0.0292","7.91401","375.914","28.9149","974.668","21.5238","6652.41","359","0.065427","458","0.08347","0.148897","801","0.145981","416","0.075816","0.221797","0.00826446","877.373","2","2","23","23","0.00462765","24/9/2019 00:00:00","25/4/2024 00:00:00","26/10/2023 00:00:00","11/8/2024 00:30:03"
"100","3",,,"155","艾琳","ài_lín","al","99","4","506234759","23924606","1","0.1667",,,"3","0.000166279","255","0.0141337","97","0.380392","21.8671","3","0.000227669","381","0.028914","173","0.454068","28.5147","6","0.000192191","636","0.0203722","270","0.424528","0.00726228","25.1909","277780","35.7109","11058","2765",,"80115","1356","0.51954","1136","1878","0.71954","4.0865","3.7123","4.6824","1.2544","396982","91126.6","65978.4","55677.9","17988.2","11216.3","771.151","0.577978","14.0314","1.2296","0.4513","4.98835","1058.35","42.5708","11330.4","2.80503","4915.87","53","0.083333","64","0.100629","0.183962","45","0.070755","24","0.037736","0.108491","0","855.476","0","2","107","109","-0.00246191","1/1/1999 00:00:00","28/3/2024 00:00:00","6/4/2022 00:00:00","11/8/2024 00:30:03"
"102","5",,,"525","鲁班大师","lǔ_bān_dà_shī","鲁大|鲁七|班爹|鲁班大叔|lbds","99","3.5","380037402","25240225","1","0.5",,,"24","0.00133023","739","0.04096","373","0.504736","33.5951","34","0.00258025","511","0.0387797","231","0.452055","30.6812","58","0.00185784","1250","0.0400397","604","0.4832","0.0317817","32.1381","344360","95.0166","10770","6302",,"80115","5981","0.990724","1423","1723","0.285407","0.9616","2.74","10.9256","0.62704","63794.8","30470.4","104875","92687.6","41217.3","7524.5","523.079","0.735344","13.4224","0.144","0.0416","9.38327","282.351","6.112","1540.96","19.9624","5231.55","67","0.0536","47","0.0376","0.0912","164","0.1312","95","0.076","0.2072","0.0247934","868.759","0","7","79","87","0.000544781","28/11/2019 00:00:00",,"17/8/2022 00:00:00","11/8/2024 00:30:03"
"103","3",,,"524","蒙犽","méng_yà","萌芽|my","99","0.5","389510186",,"1","0.2",,,"242","0.0134131","3489","0.193382","1796","0.514761","66.0911","245","0.018593","2527","0.191774","1340","0.530273","67.1925","487","0.0155995","6016","0.192703","3136","0.521277","0.0178179","66.6418","876140","43.759","13184","28200",,"80115","24078","0.8623","1425","4652","0.166601","3.7877","3.1769","5.5949","1.20447","463148","91433","67055.7","56827.5","22311.8","11386.7","803.295","0.618254","14.1351","1.5391","0.5444","6.48368","1271.48","47.7967","14358.6","1.61536","29885.2","852","0.141622","574","0.095412","0.237035","849","0.141124","402","0.066822","0.207945","0.165289","852.332","1","0","18","19","0.00206584","9/1/2020 00:00:00","27/6/2024 00:00:00","14/12/2023 00:00:00","11/8/2024 00:30:03"
"104","4",,,"531","镜","jìng","蝶|匿蝶|镜姐","99","1","410599397","22941127","1","0.5833",,,"2998","0.166168","3069","0.170103","1571","0.511893","80.3863","1167","0.0885634","1869","0.141838","919","0.491707","64.0234","4165","0.133412","4938","0.158173","2490","0.504253","0.174575","72.2048","984368","63.583","13614","23168",,"80104","22556","0.997744","1138","11546","0.510727","4.8524","3.0032","4.4686","0.849615","526304","66083.6","78519.4","58518.9","23691.7","11665.5","801.654","0.593536","14.432","0.7205","0.2386","6.83226","3192.02","27.8625","7584.79","5.05853","32818","903","0.182868","831","0.168287","0.351154","943","0.190968","829","0.167882","0.35885","0.0165289","870.981","2","5","15","15","0.00512709","31/3/2020 00:00:00","9/5/2024 00:00:00","10/8/2023 00:00:00","11/8/2024 00:30:03"
"107","1","3",,"527","蒙恬","méng_tián","蒙田|mt","99","3","426699497","22919783","1","0.1538",,,"0","0","1132","0.0627425","611","0.539753","39.5361","2","0.00015178","796","0.0604083","423","0.531407","38.671","2","0.0000640635","1928","0.0617573","1034","0.536307","0.0188813","39.1036","463534","47.2533","11909","8349",,"80115","7440","0.924453","1338","3807","0.473037","3.0659","3.2054","4.7256","0.962085","256717","61649.3","87801.4","74692.6","28268.4","9294.81","680.192","0.506887","13.7759","0.7967","0.2744","5.38221","633.214","41.4492","7683.21","18.7396","19096.7","186","0.096473","194","0.100622","0.197095","325","0.168568","163","0.084544","0.253112","0.0413223","844.022","2","2","53","53","0.00342524","2/6/2020 00:00:00",,,"11/8/2024 00:30:03"
"108","4",,,"533","阿古朵","ā_gǔ_duǒ|ā_gǔ_duǒ","球球|阿骨朵|agd","99","2","442136325","22849440","1","0.3333",,,"64","0.00354728","1537","0.0851901","792","0.51529","43.2459","295","0.0223875","1522","0.115504","788","0.51774","51.7863","359","0.0114994","3059","0.0979852","1580","0.516509","0.0332457","47.5161","587204","34.2957","12430","12768",,"80104","10604","0.900705","1136","5925","0.50327","3.9771","2.7476","6.1033","1.00428","428414","69666.4","95153","77667.3","34974.6","10331.1","775.272","0.691454","14.1494","1.3851","0.4613","8.09272","2813.98","22.3282","13272.4","5.46976","50533.7","525","0.171625","298","0.097417","0.269042","458","0.149722","307","0.10036","0.250082","0.0578512","820.493","2","0","35","35","0.0010483","4/8/2020 00:00:00","28/3/2024 00:00:00","26/10/2023 00:00:00","11/8/2024 00:30:03"
"110","1",,,"536","夏洛特","xià_luò_tè","xlt","99","4","454951873","23683749","1","0",,,"0","0","511","0.0283228","272","0.53229","32.279","1","0.0000758898","397","0.0301283","183","0.460957","29.083","1","0.0000320318","908","0.0290849","455","0.501101","0.0138808","30.681","343505","54.9757","11262","4075",,"80115","2899","0.775964","13310","3334","0.892398","2.946","3.5374","4.174","0.903194","317036","60264.3","80728.3","64510.4","21966.4","10015.5","710.035","0.457852","13.8789","0.4449","0.1619","4.29391","775.613","44.8062","3982.84","6.40859","32920.5","75","0.082599","68","0.07489","0.157489","126","0.138767","98","0.10793","0.246696","0.00826446","841.791","0","0","86","89","0.00155965","24/9/2020 00:00:00",,"23/3/2023 00:00:00","11/8/2024 00:30:03"
"112","4",,,"528","澜","lán","鲨鱼|吕蒙","99","3.5","474705708","24036038","1","0.125",,,"3","0.000166279","633","0.0350848","264","0.417062","27.8908","8","0.000607118","749","0.0568415","355","0.473965","35.1424","11","0.00035235","1382","0.0442679","619","0.447902","0.0156285","31.5166","362252","91.7686","11600","6341",,"80104","6129","0.968859","1338","2309","0.365002","5.0333","3.8039","3.657","0.755355","502208","55863.6","81887.2","60147.4","18845.9","11782.6","807.619","0.551477","14.3032","0.4544","0.1505","5.02025","3044.6","30.479","4298.18","3.24096","29048","125","0.090449","164","0.118669","0.209117","171","0.123734","85","0.061505","0.185239","0.00826446","860.703","1","0","91","80","-0.00400411","8/12/2020 00:00:00","25/4/2024 00:00:00","26/12/2023 00:00:00","11/8/2024 00:30:03"
"113","1","3",,"537","司空震","sī_kōng_zhèn","拳王|雷电|雷霆|skz","99","2.5","485513224",,"1","0.3158",,,"5","0.000277131","1675","0.0928389","816","0.487164","42.9606","8","0.000607118","1521","0.115428","780","0.512821","48.8026","13","0.000416413","3196","0.102374","1596","0.499374","0.118439","45.8816","557416","44.1152","12227","14969",,"80110","11701","0.795662","1244","2276","0.154767","3.2381","3.3298","4.7099","0.978567","327500","66957.9","91043.3","70236.7","25471.5","10203.8","728.242","0.515177","13.9643","0.9183","0.3173","5.19824","1017.91","41.8664","8245.15","11.1721","19407.3","342","0.107009","303","0.094806","0.201815","503","0.157384","369","0.115457","0.272841","0","847.952","2","1","39","37","-0.00393555","14/1/2021 00:00:00","25/4/2024 00:00:00",,"11/8/2024 00:30:03"
"115","4",,,"538","云缨","yún_yīng","云嘤|yy","99","3","527555951",,"1","0.5556",,,"2","0.000110852","652","0.0361379","291","0.446319","29.5574","1","0.0000758898","655","0.0497078","335","0.51145","35.5236","3","0.0000960953","1307","0.0418655","626","0.478959","0.0179165","32.5405","380073","29.8586","11731","5244",,"80104","4744","0.98362","1533","4229","0.87684","4.0589","3.0903","5.3703","0.946442","486978","70495.8","81988.1","62044.3","23850.2","10971.6","764.839","0.602541","14.3152","0.6067","0.2066","6.67953","3018.19","24.4843","5595.05","16.1347","18150.9","145","0.110941","134","0.102525","0.213466","179","0.136955","120","0.091813","0.228768","0.0165289","865.27","0","0","77","77","-0.00320493","23/6/2021 00:00:00","25/4/2024 00:00:00","17/8/2023 00:00:00","11/8/2024 00:30:03"
"117","2",,,"540","金蝉","jīn_chán","唐僧|玄奘|三藏|师傅|jc","99","6","566477132",,"1","0",,,"30","0.00166279","162","0.00897905","78","0.481481","26.0777","47","0.00356682","200","0.015178","89","0.445","25.7314","77","0.00246645","362","0.0115955","167","0.461326","0.00879207","25.9046","234929","105.795","9124","1678",,"80115","1349","0.867524","1234","853","0.548553","2.0276","3.4917","8.5138","1.40276","193074","81609.5","51094.5","47148.1","15982.2","8417.31","568.58","0.654229","13.6519","0.0967","0.0359","6.35019","363.514","26.9448","773.975","1.29834","7094.93","22","0.060773","33","0.09116","0.151934","48","0.132597","29","0.08011","0.212707","0","873.505","0","0","117","118","-0.000281303","16/11/2021 00:00:00",,"19/6/2023 00:00:00","11/8/2024 00:30:03"
"118","4",,,"542","暃","fēi","菲","99","2","579741263",,"1","0.5882",,,"46","0.00254961","1566","0.0867975","734","0.46871","41.1137","45","0.00341504","921","0.0698945","448","0.486428","38.7272","91","0.00291489","2487","0.079663","1182","0.475271","0.0145102","39.9204","504914","84.1117","12680","11401",,"80104","11303","0.997969","1134","4267","0.376744","5.2461","3.123","4.4644","0.830559","500618","61075.8","75424.7","56265.1","22073.5","11351.5","789.765","0.619897","14.3329","0.7189","0.2437","7.09403","3143.84","23.4129","6700.38","6.62163","28913.5","353","0.141938","336","0.135103","0.277041","413","0.166064","235","0.094491","0.260555","0","860.599","0","0","48","48","0.00233047","6/1/2022 00:00:00","9/5/2024 00:00:00","3/1/2023 00:00:00","11/8/2024 00:30:03"
"120","5",,,"534","桑启","sāng_qǐ","丧气|sq","99","3","607519741",,"1","0",,,"17","0.000942246","1519","0.0841924","797","0.524687","43.1906","28","0.00212491","1087","0.0824922","538","0.49494","41.5111","45","0.00144143","2606","0.0834748","1335","0.512279","0.0431913","42.3509","513419","44.6207","12200","11735",,"80115","10913","0.970044","1333","941","0.0836444","1.3868","3.0675","10.0123","0.953722","62469.2","48641.2","82883.5","74942.9","30311.4","7317.63","524.794","0.720214","13.2563","0.1351","0.0361","8.25867","273.479","4.29355","1014.61","11.1596","80926.2","181","0.069455","124","0.047583","0.117038","430","0.165004","329","0.126247","0.291251","0.00826446","841.338","0","4","47","47","0.000671593","14/4/2022 00:00:00","28/3/2024 00:00:00","2/4/2024 00:00:00","11/8/2024 00:30:03"
"121","3",,,"548","戈娅","gē_yà|gē_yá","硌牙|戈雅|gy","99","1","623829711",,"1","0.2",,,"27","0.00149651","2717","0.150593","1393","0.512698","55.9406","20","0.0015178","1648","0.125066","850","0.515777","50.9918","47","0.00150549","4365","0.139819","2243","0.51386","0.126675","53.4662","684260",,"12845","20352",,"80110","17422","0.885985","1421","5555","0.282496","4.0121","3.392","6.268","1.22259","393313","88467.9","72755.1","59335.3","21732.7","10764.2","777.532","0.642187","14.0399","1.1867","0.455","6.69313","1124.52","41.8328","11904.3","5.37663","5683.45","562","0.128751","324","0.074227","0.202978","567","0.129897","292","0.066896","0.196793","0.00826446","842.95","0","5","28","27","0.0074033","23/6/2022 00:00:00","11/4/2024 00:00:00",,"11/8/2024 00:30:03"
"122","2",,,"521","海月","hǎi_yuè","海域|hy","99","1","12345",,"1","0.6667",,,"485","0.0268817","2542","0.140893","1297","0.510228","57.0503","281","0.021325","1636","0.124156","848","0.518337","53.4136","766","0.0245363","4178","0.133829","2145","0.513404","0.0907051","55.232","690013",,"12574","20534",,"80115","20174","0.994234","1423","16859","0.830861","3.8729","3.63","4.9978","1.20203","233237","72374","70995.1","64231.4","21620.4","9313.45","664.936","0.580208","13.5866","0.1333","0.0314","5.51935","447.422","39.2279","1154.08","11.112","5254.39","455","0.108904","401","0.095979","0.204883","552","0.132121","263","0.062949","0.195069","0","831.305","0","0","26","26","0.00336124","22/9/2022 00:00:00","27/6/2024 00:00:00","19/3/2024 00:00:00","11/8/2024 00:30:03"
"123","5","4","1","544","赵怀真","zhào_huaí_zhēn","赵怀镇|接化发|太极|zhz","99","5","12345",,"1","0.1111",,,"1","0.0000554262","466","0.0258286","208","0.446352","27.4902","3","0.000227669","412","0.0312666","202","0.490291","30.7963","4","0.000128127","878","0.0281239","410","0.46697","0.019618","29.1433","308890",,"10667","3477",,"80108","719","0.227316","1426","740","0.233955","2.5968","3.4772","6.6344","0.833257","193789","49058.1","105768","89390","31608.4","8784.1","607.872","0.575659","13.6834","0.3827","0.1128","5.71221","705.78","23.9408","3170.87","18.541","17613.1","48","0.05467","80","0.091116","0.145786","121","0.137813","77","0.087699","0.225513","0","868.11","0","0","105","101","-0.000548399","1/1/1999 00:00:00","29/3/2024 00:00:00","17/8/2023 00:00:00","11/8/2024 00:30:03"
"124","3",,,"545","莱西奥","lái_xī_ào","来西澳|lxa","99","3","12345",,"1","0.4286",,,"0","0","478","0.0264937","239","0.5","30.2987","8","0.000607118","534","0.0405252","259","0.485019","32.4319","8","0.000256254","1012","0.0324162","498","0.492095","0.0090378","31.3653","351229",,"11238","4238",,"80115","3725","0.980263","1155","2561","0.673947","4.0316","3.0395","5.5128","1.23132","402700","89987.9","60808.3","51567.6","20838.3","10875.1","765.315","0.601818","14.0158","1.503","0.5326","6.64346","1115.93","41.6472","14639","0.55336","8159.39","107","0.105731","84","0.083004","0.188735","117","0.115613","41","0.040514","0.156126","0","850.542","0","1","85","84","-0.00158846","1/1/1999 00:00:00","27/6/2024 00:00:00","31/8/2023 00:00:00","11/8/2024 00:30:03"
"125","1",,,"564","姬小满","jī_xiǎo_mǎn","基小满|jxm","99","3","12345",,"1","0.2143",,,"5","0.000277131","956","0.0529875","457","0.478033","34.5338","1","0.0000758898","535","0.040601","232","0.433645","29.8119","6","0.000192191","1491","0.0477594","689","0.462106","0.154513","32.1729","385399","0","12038","7712","0","80115","7179","0.932096","1338","5169","0.671124","3.4024","3.2542","3.7773","0.757881","231439","48325.9","81263.9","66639.5","25346.6","9889.15","688.554","0.471756","13.8048","0.3977","0.1368","4.81199","560.995","42.6968","3601.76","19.1013","35356.6","130","0.08719","173","0.11603","0.203219","214","0.143528","161","0.107981","0.251509","0.00826446","858.399","1","0","66","75","0.00340642","1/1/1999 00:00:00","18/4/2024 00:00:00","31/1/2024 00:00:00","11/8/2024 00:30:03"
"126","1",,,"514","亚连","yà_lián","娅连|yl","99","1","12345",,"1","0.4444",,,"448","0.024831","4714","0.261279","2377","0.504243","80.5719","232","0.0176064","3116","0.236473","1587","0.509307","74.9607","680","0.0217816","7830","0.250809","3964","0.506258","0.0540401","77.7663","1012050",,"13033","35476",,"80108","21923","0.637389","1423","3418","0.0993749","3.4511","3.2052","4.2768","0.881149","233062","58830.4","92352.1","76947.9","28825.8","9840.6","668.953","0.488584","13.8879","0.2276","0.0719","5.11401","503.849","42.0619","2089.89","9.52759","16517","586","0.07484","777","0.099234","0.174074","1059","0.135249","714","0.091188","0.226437","0.00826446","872.187","2","3","13","13","0.0048822","16/6/2023 00:00:00","22/2/2024 00:00:00",,"11/8/2024 00:30:03"
"127","5",,,"159","朵莉亚","duǒ_lì_yà","朵利亚|多利亚|dly","99","0.5","12345",,"1","0",,,"14771","0.818701","1856","0.102871","837","0.45097","145.46","11602","0.880474","1006","0.0763451","472","0.469185","148.787","26373","0.844774","2862","0.0916749","1309","0.457372","0.427924","147.124","1969550",,"13491","14146",,"80102","10224","0.756829","1234","3833","0.283737","0.673","2.6394","10.5405","0.735884","144158","36180.8","90499.5","81627.2","37889.6","7350.23","527.052","0.728611","13.2561","0.181","0.0528","9.05933","280.651","8.10377","1416.09","10.8819","67717.1","133","0.046471","121","0.042278","0.088749","436","0.152341","323","0.112858","0.265199","0.00826446","845.512","0","4","3","4","0.00300696","1/1/1999 00:00:00","23/5/2024 00:00:00","16/5/2024 00:00:00","11/8/2024 00:30:03"
"129","2","1",,"563","海诺","hǎi_nuò","海若|hn","99","4","12345",,"1","0.1667",,,"8","0.00044341","483","0.0267709","222","0.459627","28.391","21","0.00159369","543","0.0412082","227","0.418048","29.3432","29","0.000928922","1026","0.0328646","449","0.437622","0.0466036","28.8671","317278",,"11027","4879",,"80110","1952","0.411034","1423","2332","0.491051","1.8928","3.0156","5.385","1.3539","298125","96712.7","113569","99052.3","41204.6","9822.08","677.39","0.503406","13.8645","0.2183","0.0673","5.33504","492.862","45.9454","1788.43","1.40643","30445.8","89","0.086745","129","0.125731","0.212476","146","0.1423","128","0.124756","0.267057","0","868.347","0","2","94","99","-0.001304","1/1/1999 00:00:00","27/6/2024 00:00:00","16/5/2024 00:00:00","11/8/2024 00:30:03"
"130","3",,,"519","敖隐","áo_yǐn","熬隐|龙王|白龙马|ay","99","0.5","12345",,"1","0.7692",,,"12853","0.712393","3029","0.167886","1506","0.497194","147.486","8850","0.671625","1984","0.150565","966","0.486895","138.411","21703","0.695186","5013","0.160575","2472","0.493118","0.339687","142.949","2054030",,"14453","23765",,"80115","22638","0.995339","1138","7224","0.317622","4.1492","2.4008","5.2992","1.15548","364304","85546.8","67036.6","56328.8","28371.4","10758.9","750.99","0.588078","14.0846","1.2593","0.4794","8.05774","988.622","39.8137","11431.4","4.89587","24392.1","666","0.132855","552","0.110114","0.242968","758","0.151207","504","0.100539","0.251745","0.0165289","865.734","2","18","2","3","0.00606871","1/1/1999 00:00:00","28/3/2024 00:00:00",,"11/8/2024 00:30:03"
"131","4","1",,"517","大司命","dà_sī_mìng","dsm","99","1","12345",,"1","0.4286",,,"1441","0.0798692","2853","0.158131","1354","0.474588","65.3393","2137","0.162177","1953","0.148213","919","0.470558","73.4425","3578","0.11461","4806","0.153945","2273","0.47295",,"69.3909","890702",,"12890","21664",,"80104","15734","0.800875","1338","3116","0.158607","5.433","3.3452","3.2127","1.00302","482944","75989","100069","79500.8","30182.4","11186.7","772.913","0.564182","14.2164","0.4942","0.1571","5.86184","2571.8","30.4378","4391.03","6.89721","39451.2","603","0.125468","636","0.132335","0.257803","581","0.120891","263","0.054723","0.175614","0.00826446","858.328","2","11","16","18","-0.00205071","1/1/1999 00:00:00","27/6/2024 00:00:00","23/5/2024 00:00:00","11/8/2024 00:30:03"
"132","1",,,"581","坦元","yuán_liú_zhī_zǐ___tǎn_kè","元流|源流|元流之子\_坦克|新英雄","99","3.5","12345",,"1","0",,,"80","0.0044341","1006","0.0557588","486","0.483101","35.8611","39","0.0029597","673","0.0510738","324","0.481426","34.6561","119","0.00381178","1679","0.0537814","810","0.48243",,"35.2586","403711",,"11518","8665",,"80115","3395","0.401111","1137","1656","0.195652","2.8535","3.427","4.9875","0.841036","273490","52611.3","119446","99465.6","36040.3","9548.58","664.388","0.520655","13.782","0.5968","0.2031","5.17915","1315.58","27.9577","5043.78","19.7171","33727.5","154","0.091721","146","0.086957","0.178678","232","0.138177","213","0.126861","0.265039","0.190083","852.414","0","1","58","70","0.00109475","1/1/1999 00:00:00",,,"11/8/2024 06:50:07"
"133","2",,,"582","法元","yuán_liú_zhī_zǐ___fǎ_shī","元流|源流|元流之子\_法师|新英雄","99","1.5","12345",,"1","0.1818",,,"413","0.022891","2528","0.140117","1214","0.480222","54.896","284","0.0215527","1469","0.111482","747","0.508509","50.416","697","0.0223261","3997","0.128031","1961","0.490618",,"52.656","671311",,"12783","18902",,"80115","18274","0.989871","1231","3859","0.209035","3.605","3.1181","6.0043","1.38594","246738","87057.9","52905.3","46831.9","17979.7","9551.19","668.219","0.629467","13.6838","0.2287","0.0598","6.64853","536.212","36.5249","2022.89","11.6225","12707.1","461","0.115337","566","0.141606","0.256943","608","0.152114","293","0.073305","0.225419","0.31405","846.627","2","0","29","29","0.00590699","1/1/1999 00:00:00",,,"11/8/2024 06:50:07"
"134","5",,,"577","少司缘","shào_sī_yuán","缘神","99","10","12345",,"1","0","7","新英雄",,,,,,,,,,,,,,,,,,,,,,,,,,,,,,,,,,,,,,,,,,,,,,,,,,,,,,,,,,,,,,,,,,,,"0","1","1","0","1/1/1999 00:00:00",,,"11/8/2024 06:50:16"
